Area_of_Cytoplasm,Label,Mean_protein_intensity_around_pbodies,Mean_protein_intensity_around_simulated_pbodies,Mean_protein_intensity_cytoplasm,Number_of_pbodies,SiteX,SiteY,Well
52160.0,27,58.514881865602945,52.81662921915291,46.71610429447853,17.0,0.0,0.0,E05
55056.0,28,51.01375176304654,58.444945422237545,51.53946890438826,14.0,0.0,0.0,E05
94739.0,14,54.185152057245084,49.956693817422085,42.76369816020857,22.0,0.0,0.0,E05
79842.0,35,47.18269653052262,54.325287970025265,45.72018486510859,10.0,0.0,0.0,E05
51296.0,9,48.56749311294766,53.15751295397121,44.43990642362803,11.0,0.0,0.0,E05
46761.0,12,44.715030408340574,51.36543482025195,45.18446996428648,11.0,0.0,0.0,E05
37212.0,31,66.41468005018821,63.35735810456891,52.68034504998388,9.0,0.0,0.0,E05
43310.0,32,63.859911894273125,61.05255650410959,52.91514661740938,5.0,0.0,0.0,E05
46165.0,15,62.43082021541011,55.37166952011279,46.681663597963826,8.0,0.0,0.0,E05
101933.0,13,52.24904423812124,52.73998356960326,43.04077187956795,17.0,0.0,0.0,E05
58684.0,36,44.71734475374733,53.896635434705715,44.50599822779633,7.0,0.0,0.0,E05
23479.0,10,63.55467869222097,76.70643246868153,60.79892670045572,5.0,0.0,0.0,E05
32743.0,33,61.13993871297242,57.97029452313271,49.284427205814985,5.0,0.0,0.0,E05
37128.0,17,62.29066575154427,57.8857061224563,48.828619909502265,19.0,0.0,0.0,E05
66492.0,8,52.41071902361369,51.84470513647535,46.45567887866209,17.0,0.0,0.0,E05
96096.0,19,53.0906781317178,55.14717826220196,47.38010947385948,24.0,0.0,0.0,E05
46335.0,20,61.56185012549301,56.8800877320841,50.58974857019532,14.0,0.0,0.0,E05
42396.0,37,54.71212121212121,60.13279036800116,50.93055948674403,13.0,0.0,0.0,E05
79150.0,29,41.396534148827726,56.54501426176855,48.487983320697495,6.0,0.0,0.0,E05
74673.0,24,57.69698692438886,58.92699653915246,52.210450899254084,18.0,0.0,0.0,E05
44421.0,22,63.320454545454545,64.5770180248042,56.11134373381959,11.0,0.0,1.0,E05
37164.0,35,52.437361419068736,61.23240553273165,55.46722634807879,10.0,0.0,1.0,E05
42371.0,28,62.86604127579737,66.44798125249145,61.04019448181453,13.0,0.0,1.0,E05
43446.0,6,61.3413612565445,60.81982952651412,48.97649956267551,11.0,0.0,1.0,E05
70945.0,19,50.17744497390515,53.7642192478108,48.92503946774921,21.0,0.0,1.0,E05
41366.0,17,72.13285457809695,61.22054464866112,55.18314557849442,12.0,0.0,1.0,E05
36746.0,13,57.13131313131313,57.47835622667216,48.07500340182338,18.0,0.0,1.0,E05
33680.0,16,67.03754469606675,59.293088083548675,51.35573040380047,10.0,0.0,1.0,E05
15748.0,25,57.40625,64.43374571283226,58.226568453136906,3.0,0.0,1.0,E05
56112.0,9,55.47240051347882,52.71874249240672,44.107570573139434,15.0,0.0,1.0,E05
78179.0,12,58.36831275720164,58.62370144892713,49.112034999744154,23.0,0.0,1.0,E05
52815.0,30,55.29396511079679,55.76309984937315,51.711862160371105,24.0,0.0,1.0,E05
25718.0,21,60.456112852664575,60.79222694329221,53.27890971304145,10.0,0.0,1.0,E05
33019.0,29,71.70028275212064,75.35608294870971,66.31996729155941,9.0,0.0,1.0,E05
39799.0,36,85.47659126775382,76.9833494875512,64.71823412648558,11.0,0.0,1.0,E05
18301.0,24,58.41291585127202,72.03208199408174,67.30736025353806,12.0,0.0,1.0,E05
17553.0,27,57.5821325648415,69.31751495161988,65.05360906967469,4.0,0.0,1.0,E05
44988.0,32,64.47364341085272,64.39809836888563,57.00720192051214,14.0,0.0,1.0,E05
57083.0,33,45.743964421855146,48.786750856546405,44.00818106967048,15.0,0.0,1.0,E05
44668.0,8,56.859078590785906,53.95448384433507,47.36345929972239,10.0,0.0,1.0,E05
37188.0,14,56.38967786629719,55.29442742390986,46.007932666451545,16.0,0.0,1.0,E05
27748.0,26,72.93662628145387,73.98059895218579,66.71658737024221,11.0,0.0,1.0,E05
52100.0,17,51.87835926449788,49.42864211920278,43.15270633397313,6.0,0.0,2.0,E05
32904.0,25,46.86946107784431,50.85426334989668,45.991080941219444,9.0,0.0,2.0,E05
52814.0,20,62.20949263502455,57.070500242968855,52.196614534025066,7.0,0.0,2.0,E05
55472.0,21,42.709377901578456,44.94983425504252,41.28637888131559,11.0,0.0,2.0,E05
31362.0,23,53.552742616033754,61.595723514836074,55.74886805688413,3.0,0.0,2.0,E05
40783.0,15,47.58767507002801,54.70571786704409,47.14449648137705,8.0,0.0,2.0,E05
63554.0,29,46.7137669197755,53.66563012376812,46.89561632627372,15.0,0.0,2.0,E05
47724.0,26,52.62020766773163,57.57242382090378,49.27172910904367,15.0,0.0,2.0,E05
25580.0,32,55.26622989874925,66.02569374652208,53.69324002033077,9.0,0.0,2.0,E05
41957.0,12,47.17601380500432,54.22026249255039,48.18317244666905,12.0,0.0,2.0,E05
71691.0,19,49.14572864321608,50.40165805545344,43.50410825137755,10.0,0.0,2.0,E05
44216.0,11,47.140969162995596,58.61557650762038,50.98844309752126,5.0,0.0,2.0,E05
69778.0,24,48.43648449039882,52.75967868227367,45.06706985009602,21.0,0.0,2.0,E05
40193.0,18,56.27224513847967,56.07900199683305,47.49015997810564,9.0,0.0,2.0,E05
28434.0,34,84.21991701244814,68.56620385269052,56.51593163114581,4.0,0.0,2.0,E05
58566.0,9,47.768400604360025,52.21901403660371,46.630795239152334,23.0,0.0,2.0,E05
69824.0,10,56.48177339901478,54.919166450643516,47.226669912923924,24.0,0.0,2.0,E05
74857.0,22,52.876352902591016,52.4278140320816,44.746570127042226,16.0,0.0,2.0,E05
42618.0,30,55.47908232118758,53.053331929630666,48.741071847576144,4.0,0.0,2.0,E05
18101.0,12,56.8733986435569,67.85068724146116,61.61692724158886,9.0,0.0,3.0,E05
24849.0,42,52.54146806482364,53.00841422618652,45.00262234235688,6.0,0.0,3.0,E05
28485.0,53,57.62290502793296,64.73976401500657,54.89043356152361,8.0,0.0,3.0,E05
14917.0,28,54.70153496304719,68.9846736508999,62.5846349802239,13.0,0.0,3.0,E05
28577.0,49,64.4326923076923,63.733655845831656,54.02180074885398,4.0,0.0,3.0,E05
48630.0,25,58.7426326129666,59.62713415900238,53.9216021065191,14.0,0.0,3.0,E05
40609.0,9,54.51815642458101,66.24622903885611,58.95168760778517,11.0,0.0,3.0,E05
46194.0,21,58.45772266065389,59.932908532899845,56.39764904533056,18.0,0.0,3.0,E05
87096.0,17,58.88671397112797,57.03962807002345,50.76448771974142,20.0,0.0,3.0,E05
43730.0,39,46.687230514096186,54.58526259843767,49.56592728104276,18.0,0.0,3.0,E05
13881.0,41,56.41649196366178,53.54156878233519,51.312052117263846,7.0,0.0,3.0,E05
56518.0,13,45.69733534439417,58.48202880057904,55.10481616476167,12.0,0.0,3.0,E05
43544.0,32,49.4749430523918,60.85882746077988,54.11057780635679,11.0,0.0,3.0,E05
41741.0,8,66.20499108734403,60.325479717114966,54.99968855561678,3.0,0.0,3.0,E05
45114.0,36,53.27777777777778,57.08199400792618,47.633550560801524,11.0,0.0,3.0,E05
32792.0,54,62.26659038901602,60.54028948097344,49.17015818725951,7.0,0.0,3.0,E05
51758.0,48,57.68394648829432,55.962094848992486,47.79979906487886,5.0,0.0,3.0,E05
35409.0,56,60.677830188679245,56.59558970225258,47.12299132988788,10.0,0.0,3.0,E05
31824.0,33,57.7630615640599,59.70045162242685,52.073340874811464,21.0,0.0,3.0,E05
38980.0,30,56.86169284467714,55.478019378400184,51.0624166239097,12.0,0.0,3.0,E05
52242.0,51,46.99384885764499,48.261215578715706,43.55072546992841,11.0,0.0,3.0,E05
50951.0,26,62.46178861788618,61.467785015950625,55.58622381877785,29.0,0.0,3.0,E05
43066.0,27,63.466914805624484,63.751748511663536,58.57929689314076,13.0,0.0,3.0,E05
47402.0,40,52.80438842203548,54.9756356810511,50.68619467533016,12.0,0.0,3.0,E05
27818.0,47,54.66606170598911,51.00761158364247,44.60855310563482,8.0,0.0,3.0,E05
28620.0,11,68.67928541046363,71.23246880025923,65.13610916724983,13.0,0.0,3.0,E05
40213.0,35,50.6662927650028,53.78576073870154,46.60609753064929,9.0,0.0,3.0,E05
53955.0,23,50.49896136269215,53.86592927282528,50.56613844870726,13.0,0.0,3.0,E05
30240.0,19,52.4757822546078,65.61974542815105,58.11441798941799,14.0,0.0,3.0,E05
37732.0,43,48.01374775851763,54.78689738991481,49.87792854871197,9.0,0.0,3.0,E05
38855.0,22,58.92725880551302,58.287641042055554,54.73488611504311,13.0,0.0,3.0,E05
47656.0,16,56.09546351084813,59.819651032183245,54.07065217391305,12.0,0.0,3.0,E05
30941.0,14,67.87993421052632,67.19953593094931,59.308458033030604,10.0,0.0,3.0,E05
28038.0,52,40.6913680781759,56.75552835481475,47.690669805264285,7.0,0.0,3.0,E05
18976.0,37,50.180851063829785,56.773542589231845,54.12903225806452,8.0,0.0,3.0,E05
40574.0,15,60.237662337662336,68.43250584906214,62.38223985803717,13.0,0.0,3.0,E05
21644.0,54,49.51119402985075,57.37669883395198,48.928109406764,6.0,0.0,4.0,E05
18921.0,17,58.93988684582744,60.328817874355046,57.06437291897891,7.0,0.0,4.0,E05
47962.0,9,70.70601653835186,64.9595776770017,54.84160376965097,15.0,0.0,4.0,E05
24907.0,13,57.85954381752701,64.22868456521647,58.05484401975348,9.0,0.0,4.0,E05
53157.0,16,46.92938420348059,56.033770920319185,48.658125928852265,15.0,0.0,4.0,E05
41444.0,38,54.01782077393075,52.84973880278284,47.023694624071034,11.0,0.0,4.0,E05
16264.0,43,52.561052631578946,60.50427814173846,56.7836325627152,18.0,0.0,4.0,E05
59033.0,30,49.541415423675026,52.73615008066151,49.17818847085528,16.0,0.0,4.0,E05
46870.0,60,59.23519163763066,63.11753538278529,49.08553445700875,3.0,0.0,4.0,E05
53863.0,32,52.31184703331362,57.320110849304655,52.622765163470284,26.0,0.0,4.0,E05
31681.0,28,42.9739837398374,58.44148294804355,55.269467504182316,7.0,0.0,4.0,E05
51029.0,39,54.8171771392485,53.27864818314586,48.826098884947776,17.0,0.0,4.0,E05
22922.0,41,49.62051569506726,49.622608670813385,46.93255387837012,11.0,0.0,4.0,E05
31116.0,25,52.565649867374006,59.287294974569484,55.96704644482458,8.0,0.0,4.0,E05
45162.0,58,48.99470899470899,57.8342106868292,49.99107656879678,4.0,0.0,4.0,E05
46056.0,49,45.90653008962868,59.636376756133586,52.92931442593759,14.0,0.0,4.0,E05
64213.0,44,43.86179981634527,53.266425511666746,45.340445081214085,10.0,0.0,4.0,E05
25587.0,12,62.794582392776526,63.141546617364156,58.8717708211201,9.0,0.0,4.0,E05
64243.0,22,52.50737684421105,56.98162298682317,53.22258375887408,20.0,0.0,4.0,E05
24389.0,15,60.18515123739688,63.99989941629509,59.91910287424658,6.0,0.0,4.0,E05
31143.0,45,54.55965500718735,64.94746426546877,58.29001477864165,11.0,0.0,4.0,E05
24639.0,51,46.21272365805169,59.310792496746245,48.725516457648446,4.0,0.0,4.0,E05
39158.0,46,58.0152198421646,56.89407480240347,50.52632923029777,8.0,0.0,4.0,E05
40052.0,10,46.30577367205543,50.53072666900681,45.45056426645361,12.0,0.0,4.0,E05
43721.0,57,53.86004514672686,50.2352539745692,44.13698222821985,4.0,0.0,4.0,E05
59559.0,11,46.99019316493313,51.88114186673697,47.173575781997684,16.0,0.0,4.0,E05
30568.0,36,56.76964903608502,53.59168931455474,51.30800183198116,12.0,0.0,4.0,E05
31890.0,42,54.25119490175252,57.23120963421035,53.23251803073064,10.0,0.0,4.0,E05
70370.0,14,57.78301359657292,55.84134414077717,50.25755293448913,25.0,0.0,4.0,E05
31581.0,37,62.35854765506808,61.08992689636346,57.58633355498559,7.0,0.0,4.0,E05
38733.0,53,49.11917258413091,50.05717426157899,46.58392068778561,17.0,0.0,4.0,E05
28471.0,48,54.28129994672349,57.09471780542818,48.54033929261354,10.0,0.0,4.0,E05
26203.0,20,59.565284178187405,68.0120547769041,61.0866694653284,7.0,0.0,4.0,E05
57055.0,31,52.86390149060272,55.062648715957366,50.0107440189291,16.0,0.0,5.0,E05
57320.0,27,57.903473161930535,58.07190691035814,53.589654570830426,25.0,0.0,5.0,E05
63659.0,43,52.274771024146546,53.47884468298976,48.15012802588794,17.0,0.0,5.0,E05
34627.0,33,55.53155201819215,53.80997060937713,48.681029254627894,10.0,0.0,5.0,E05
79190.0,8,51.73848069738481,50.106617651490325,43.56667508523803,18.0,0.0,5.0,E05
43045.0,20,50.897294818890416,56.92987296248107,47.22539203159484,12.0,0.0,5.0,E05
54154.0,17,52.866336633663366,58.1597419312993,52.94912656498135,13.0,0.0,5.0,E05
27543.0,34,60.288007554296506,66.81421562904801,59.52172965907853,5.0,0.0,5.0,E05
72067.0,11,55.199666759233544,55.99920943408456,48.60249490057863,18.0,0.0,5.0,E05
60725.0,30,56.03944315545244,58.33622857120068,54.72205846027172,34.0,0.0,5.0,E05
52593.0,28,55.659903381642515,59.887455074366216,54.14914532352214,11.0,0.0,5.0,E05
75076.0,9,55.845746498120945,53.42329588765794,46.2816079705898,28.0,0.0,5.0,E05
53302.0,29,55.08685162846803,53.744732312555435,47.181287756556976,13.0,0.0,5.0,E05
53328.0,40,58.94467213114754,69.26435128815871,60.691044104410445,7.0,0.0,5.0,E05
45464.0,37,53.37858087263111,56.51391146898988,51.4746832658807,10.0,0.0,5.0,E05
49864.0,26,51.02465826856071,56.291655255648365,48.05783731750361,17.0,0.0,5.0,E05
56947.0,42,57.44257646343934,58.808886294304436,53.146763373256995,25.0,0.0,5.0,E05
57644.0,39,48.8124183006536,60.01394645561833,49.385035736590105,8.0,0.0,5.0,E05
60493.0,19,45.6378453038674,51.521552579379346,47.10875638503629,19.0,0.0,5.0,E05
76576.0,15,49.93125919697288,47.673857218536526,43.2958368157125,25.0,0.0,5.0,E05
34966.0,35,47.90926640926641,57.960935664087344,50.71237773837442,3.0,0.0,5.0,E05
37949.0,38,59.11543624161074,59.282029373048545,52.83896808875069,6.0,0.0,5.0,E05
92446.0,10,54.460466084061586,54.396240838385026,48.49726326720464,21.0,0.0,5.0,E05
47725.0,44,54.544920235096555,54.119284492850646,47.765615505500264,10.0,0.0,5.0,E05
39832.0,22,46.70073589533933,55.54642163447966,49.47971480216911,15.0,0.0,5.0,E05
54664.0,12,68.95713391739675,64.9434985256829,56.42013025025611,14.0,0.0,5.0,E05
54786.0,43,64.67348184314922,64.04472299912304,55.91163800971051,16.0,1.0,0.0,E05
55639.0,31,61.60016454134101,63.87303796034006,56.62470569205054,11.0,1.0,0.0,E05
56930.0,26,56.03242497412901,63.540936501520434,56.61486035482171,16.0,1.0,0.0,E05
39324.0,10,55.1933110367893,56.61486019799162,47.76327433628319,7.0,1.0,0.0,E05
68527.0,44,53.060189359783585,54.4842559909458,48.81092124272185,24.0,1.0,0.0,E05
29860.0,32,66.55928308823529,71.13245367795034,66.04916275954454,10.0,1.0,0.0,E05
36968.0,5,57.15808426359381,56.144011713098756,49.892826228089156,16.0,1.0,0.0,E05
46875.0,13,53.55980629539952,58.80780544588162,53.78250666666667,11.0,1.0,0.0,E05
67019.0,28,62.39924771628157,57.333405783071356,53.27105746131694,8.0,1.0,0.0,E05
41986.0,20,55.176520270270274,55.374980805719154,52.27794979278807,5.0,1.0,0.0,E05
43503.0,50,51.32342657342657,58.7403392052208,48.491529319817026,3.0,1.0,0.0,E05
72234.0,16,58.97605732261447,59.04867693236025,55.56859650580059,27.0,1.0,0.0,E05
15715.0,9,53.37757437070938,58.04672965922023,55.57989182309895,3.0,1.0,0.0,E05
43092.0,33,58.84688195991091,55.882195732836266,51.43244685788545,9.0,1.0,0.0,E05
41269.0,46,46.762550881953864,53.927302637972446,48.188373839928275,20.0,1.0,0.0,E05
48199.0,48,43.26253918495298,53.253186270015384,48.955683727878174,7.0,1.0,0.0,E05
32532.0,38,45.88992974238876,63.04781583687813,58.68537425425918,8.0,1.0,0.0,E05
69576.0,30,64.34805027392845,68.89274593490413,65.04735828446591,23.0,1.0,0.0,E05
54679.0,8,48.73739812858437,52.894948429951626,47.18866475246438,16.0,1.0,0.0,E05
58546.0,24,55.40778533635677,58.85428736268425,52.36067365831995,13.0,1.0,0.0,E05
42950.0,21,59.111361926260344,64.96045320103069,59.010081490104774,13.0,1.0,0.0,E05
49747.0,42,59.061565017261216,61.310907925001366,55.695881158662836,17.0,1.0,0.0,E05
23084.0,22,52.23768472906404,56.02732098836458,50.13522530329289,6.0,1.0,0.0,E05
67482.0,49,54.005765765765766,53.517870612242625,47.961782401232924,16.0,1.0,0.0,E05
25383.0,6,47.53391304347826,56.924381327878734,51.53354607414411,3.0,1.0,0.0,E05
51069.0,12,56.86622073578595,57.96648105691663,53.97556247429948,21.0,1.0,0.0,E05
104322.0,8,43.43876080691643,45.48880277622615,41.4428979505761,7.0,1.0,1.0,E05
52404.0,9,52.16533226581265,56.56905820083197,50.501774673689035,27.0,1.0,1.0,E05
35118.0,14,52.75424795468848,55.674522657354025,51.24286690586024,18.0,1.0,1.0,E05
79387.0,19,56.35109773371105,56.47258267596803,49.78592212830816,28.0,1.0,1.0,E05
67668.0,11,49.73369148119724,49.76545035887541,43.56193474020216,14.0,1.0,1.0,E05
122931.0,12,47.39837398373984,50.523525868328306,42.84479098030602,11.0,1.0,1.0,E05
86201.0,21,50.468450479233226,54.5861685419711,45.75312351364833,12.0,1.0,1.0,E05
57617.0,15,46.21702404158545,57.19683708502332,48.53326275231269,8.0,1.0,1.0,E05
87858.0,18,53.33219087793304,54.18741109265742,47.324887887272645,19.0,1.0,1.0,E05
53041.0,5,51.447257383966246,52.748086244097024,47.28317716483475,20.0,1.0,1.0,E05
97966.0,23,52.58520710059172,50.05918484475433,42.694506257272934,15.0,1.0,1.0,E05
52815.0,34,58.38439981317141,52.91677520830039,44.33282211492947,13.0,1.0,2.0,E05
46078.0,9,48.07618369526522,54.9762018628047,48.21044750206172,14.0,1.0,2.0,E05
53630.0,18,57.76592943654555,60.28470179109562,55.56151407794145,19.0,1.0,2.0,E05
94897.0,6,50.06955351133049,46.115403496237356,41.00768492847429,26.0,1.0,2.0,E05
64387.0,32,62.65823058619944,64.48389755327699,57.98995138770248,22.0,1.0,2.0,E05
25355.0,17,47.45336787564767,57.93629527933335,49.06385165856166,4.0,1.0,2.0,E05
44737.0,20,41.27946627131208,47.07419100912673,42.176431142007736,7.0,1.0,2.0,E05
66436.0,27,61.2725844461901,63.09569826943064,54.24265458486363,9.0,1.0,2.0,E05
52650.0,30,62.64801627670397,65.74889193071436,61.98250712250712,19.0,1.0,2.0,E05
77016.0,7,54.9818765338871,56.30701952486027,49.148280876700944,27.0,1.0,2.0,E05
43660.0,26,43.970873786407765,56.50734079935292,48.65739807604214,4.0,1.0,2.0,E05
64301.0,14,56.0331810053646,57.78353026994064,53.69482589695339,23.0,1.0,2.0,E05
49827.0,35,54.59013398294763,49.8984063227985,41.87769683103538,8.0,1.0,2.0,E05
47958.0,22,57.495724137931035,61.900714625898075,53.47933608574169,18.0,1.0,2.0,E05
37484.0,28,52.53503390377785,55.73379461142254,48.883016753814964,18.0,1.0,2.0,E05
64118.0,19,51.26362149238707,53.14410548418002,49.09030225521694,42.0,1.0,2.0,E05
53862.0,36,64.2888180187363,67.69493628992056,63.22756303145074,26.0,1.0,2.0,E05
57618.0,10,45.82827687776141,51.29803526074972,46.83584990801486,16.0,1.0,2.0,E05
53089.0,15,43.501822157434404,45.44130108867027,41.07747367627945,15.0,1.0,2.0,E05
67598.0,37,62.08145269765357,60.08763802970333,54.645817923607204,37.0,1.0,2.0,E05
50402.0,14,51.630434782608695,52.92862187421513,48.69921828498869,24.0,1.0,3.0,E05
62312.0,8,56.58095238095238,55.906447182335306,50.745827448966494,28.0,1.0,3.0,E05
95318.0,10,58.566049511129606,53.8529382422834,47.71539478377641,22.0,1.0,3.0,E05
75674.0,6,50.23653056293791,42.896099154329676,37.77399106694505,22.0,1.0,3.0,E05
43394.0,18,52.260058067192034,59.46311534381854,54.584965663455776,13.0,1.0,3.0,E05
48096.0,15,53.880887268307504,54.14506524702873,51.38639387890885,18.0,1.0,3.0,E05
47053.0,13,55.82111015243026,58.36134919906555,54.22083607846471,18.0,1.0,3.0,E05
70943.0,3,53.94682037932317,45.28689135502929,37.82092665943081,13.0,1.0,3.0,E05
59897.0,4,39.04324979789814,42.11552500435846,38.1065996627544,13.0,1.0,3.0,E05
57879.0,20,59.40146627565982,54.580863800543405,48.85509424834569,16.0,1.0,3.0,E05
68164.0,17,48.427012278308325,54.45741126508682,49.59221548979622,18.0,1.0,3.0,E05
58279.0,7,54.49576669802446,53.15334983199166,47.69894816314625,14.0,1.0,3.0,E05
49796.0,9,52.00868535333596,53.9912506084239,51.30373925616515,13.0,1.0,3.0,E05
54027.0,12,62.25160256410256,60.42499622280332,56.17126621874248,9.0,1.0,3.0,E05
45949.0,19,54.73408323959505,54.04252433321451,51.065115671723,23.0,1.0,3.0,E05
15621.0,41,63.80452674897119,66.68729655682938,58.94289738172972,13.0,1.0,4.0,E05
59295.0,36,70.30727650727651,66.88099261497972,56.91989206509824,10.0,1.0,4.0,E05
41870.0,24,65.1142952349217,66.2018396652096,57.60085980415572,15.0,1.0,4.0,E05
44136.0,32,51.47820823244552,58.65803039020946,54.355613458706245,5.0,1.0,4.0,E05
40043.0,55,56.345338983050844,57.42155604216263,45.287565866693306,5.0,1.0,4.0,E05
14890.0,8,79.29252437703141,76.47140358292717,71.17924781732707,5.0,1.0,4.0,E05
14667.0,16,55.48684210526316,69.16824726489264,66.17353904969961,7.0,1.0,4.0,E05
38522.0,17,56.21437422552664,61.839530848649545,58.282072581901254,13.0,1.0,4.0,E05
44610.0,43,70.25128549072211,73.48340603247128,66.42519614436225,19.0,1.0,4.0,E05
35070.0,51,48.28293601003764,58.5634123377496,48.327259766181925,9.0,1.0,4.0,E05
33531.0,7,67.05379557680813,67.66582804182873,63.618382988875965,10.0,1.0,4.0,E05
52006.0,34,58.07069943289225,55.19370742115073,49.56537707187632,13.0,1.0,4.0,E05
20604.0,52,64.88944305901911,66.61305279408289,56.566249271986024,11.0,1.0,4.0,E05
65008.0,49,50.630158318193615,53.38822714402968,44.249153950283045,22.0,1.0,4.0,E05
29007.0,54,67.95715147857574,63.65542686930647,51.323266797669525,12.0,1.0,4.0,E05
53846.0,26,52.321157495256166,56.19927988323221,53.31658804739442,10.0,1.0,4.0,E05
47767.0,40,50.52235427277872,53.249136574127725,49.729170596742755,17.0,1.0,4.0,E05
42623.0,18,53.31710442024343,57.67823292639768,52.37368902653621,8.0,1.0,4.0,E05
61900.0,48,62.69269637115296,56.95654099118701,49.80891760904685,12.0,1.0,4.0,E05
20290.0,22,57.28216216216216,56.93048788310105,52.82134056185313,5.0,1.0,4.0,E05
77854.0,31,50.41103518096684,55.38426983225238,51.355062039201584,21.0,1.0,4.0,E05
16883.0,10,61.65815760266371,76.78604044712556,71.44777448071217,5.0,1.0,4.0,E05
72026.0,35,48.65083217753121,54.641983755145766,48.332727070779995,15.0,1.0,4.0,E05
68396.0,27,53.120224936978865,55.89601046152416,51.64417509795894,28.0,1.0,4.0,E05
31466.0,20,69.2737321196359,71.28037999878126,66.39309095531685,9.0,1.0,4.0,E05
34227.0,12,70.72184589331076,67.87995698103586,62.44795664274206,14.0,1.0,4.0,E05
54152.0,37,48.763328530259365,54.72060551210434,49.62897030580588,13.0,1.0,4.0,E05
25500.0,9,64.84499054820417,74.01479872905992,71.47164705882354,11.0,1.0,4.0,E05
33874.0,39,48.96019696347969,50.66503399904071,45.78829655049997,13.0,1.0,4.0,E05
55189.0,25,64.13688104723961,68.17108048145661,62.817463624997735,15.0,1.0,4.0,E05
17568.0,21,66.87154989384288,82.07824321257849,72.92753870673953,6.0,1.0,4.0,E05
23247.0,44,52.63529411764706,64.5097302780326,56.55856669677808,10.0,1.0,4.0,E05
43912.0,46,51.75829787234043,61.38414190498257,54.819129046967625,11.0,1.0,5.0,E05
48356.0,7,51.94827586206897,57.132138939334084,50.180763504011914,14.0,1.0,5.0,E05
47278.0,34,50.28669482576557,48.80272688750096,41.83241676889885,10.0,1.0,5.0,E05
22973.0,20,58.790748898678416,62.22770768848507,54.318733945752975,11.0,1.0,5.0,E05
38375.0,17,60.51665533650578,63.90260483446311,58.308534201954394,15.0,1.0,5.0,E05
25491.0,18,61.2775974025974,55.035625287915494,48.23953552234122,4.0,1.0,5.0,E05
21135.0,41,57.514267185473415,69.36570574215101,61.67512931239026,11.0,1.0,5.0,E05
39802.0,56,35.09034267912772,51.8730297930459,46.490427616702675,4.0,1.0,5.0,E05
44719.0,54,49.84136858475894,52.3800363457328,45.932735526286365,6.0,1.0,5.0,E05
39404.0,13,49.34789515488483,62.15530192909701,54.2143437214496,13.0,1.0,5.0,E05
44141.0,11,44.21739130434783,57.65225718084642,49.205565753393614,9.0,1.0,5.0,E05
34622.0,22,53.70979228486647,58.2881712036187,52.75281612847323,7.0,1.0,5.0,E05
70806.0,55,54.041365725541695,50.9422110532416,44.30668304945909,6.0,1.0,5.0,E05
60418.0,33,53.065456282847585,60.91023900357017,53.668939719951005,12.0,1.0,5.0,E05
37981.0,43,47.18735362997658,57.41384969781617,48.015086490613726,10.0,1.0,5.0,E05
22449.0,12,58.981735159817354,69.10052697198377,61.46287139738964,9.0,1.0,5.0,E05
34220.0,58,41.251267197682836,49.03047569497192,42.9492165763655,6.0,1.0,5.0,E05
45673.0,27,70.1235142118863,79.96182922105622,70.38985834081404,8.0,1.0,5.0,E05
27941.0,36,60.0030959752322,70.17211972990083,64.30577239848171,10.0,1.0,5.0,E05
35760.0,37,38.523305084745765,59.26330909406625,52.872455257270694,4.0,1.0,5.0,E05
14065.0,9,61.04255319148936,64.36032037671377,57.64085161105951,3.0,1.0,5.0,E05
23440.0,51,54.702127659574465,55.34216674870134,48.72508900613391,3.0,1.0,5.0,E05
51833.0,21,62.36955941255007,66.00659914298049,59.0973217216676,20.0,1.0,5.0,E05
22568.0,44,56.049949031600406,64.62408499342034,59.11673117131545,8.0,1.0,5.0,E05
53264.0,59,51.378437047756876,51.5964552259343,45.374868579152896,6.0,1.0,5.0,E05
32695.0,28,52.37192342752962,61.98715543685696,56.373176326655454,6.0,1.0,5.0,E05
38243.0,32,53.37212276214834,63.19665355894065,57.90654498862537,7.0,1.0,5.0,E05
66871.0,40,61.46552353155783,63.151645477636364,53.96547083190023,12.0,1.0,5.0,E05
43014.0,6,49.17000801924619,57.33299425683808,51.53666248198261,20.0,1.0,5.0,E05
24869.0,15,53.103591160220994,64.1474437368115,57.90938706563706,3.0,1.0,5.0,E05
40471.0,25,51.7147087857848,53.149555880648784,45.55392750364459,5.0,1.0,5.0,E05
33402.0,53,51.5068093385214,55.8338553595009,48.92790850847255,5.0,1.0,5.0,E05
33952.0,35,52.062056737588655,56.55121557198988,51.55387016965127,8.0,1.0,5.0,E05
20183.0,8,65.80863039399625,64.40997701172735,58.70014917951268,5.0,1.0,5.0,E05
67416.0,45,43.60908281389136,55.1710645181507,49.10941022902575,5.0,1.0,5.0,E05
61267.0,50,48.20760430686406,53.45053211129214,47.95025054270651,13.0,1.0,5.0,E05
21388.0,19,61.644873000940734,71.70738526435612,63.10107778819119,14.0,1.0,5.0,E05
47273.0,17,53.8421920065925,60.00197182981824,48.48131068474605,12.0,2.0,0.0,E05
27658.0,16,48.963235294117645,57.09001081761594,51.21708004917203,3.0,2.0,0.0,E05
39828.0,25,55.86186384666226,58.89837313234426,46.423596464798635,9.0,2.0,0.0,E05
37727.0,22,63.08260729267506,63.66598035950547,53.529196596601906,15.0,2.0,0.0,E05
99434.0,28,55.971297107800176,56.510898265826015,46.05756582255567,23.0,2.0,0.0,E05
55970.0,12,49.501783166904424,54.41537355080341,45.34807932821154,14.0,2.0,0.0,E05
45869.0,13,55.47255689424364,56.776199094158,49.71085046545597,20.0,2.0,0.0,E05
33947.0,18,58.66044776119403,63.763053006793406,55.36951718855864,16.0,2.0,0.0,E05
52860.0,19,61.34494306764903,63.95388329460907,56.677468785471056,17.0,2.0,0.0,E05
47731.0,7,48.31591173054588,53.550382526793754,46.16018939473298,6.0,2.0,0.0,E05
45828.0,26,55.10400647511129,60.91791102270581,51.132429955485726,12.0,2.0,0.0,E05
56367.0,21,45.474720596061736,52.497872800296925,45.28486525804105,8.0,2.0,0.0,E05
33374.0,5,43.61963190184049,60.52297604101728,52.120302103938144,4.0,2.0,0.0,E05
65424.0,10,51.395694840139285,47.95516794531931,40.62978417706041,15.0,2.0,0.0,E05
33676.0,27,47.921237113402064,56.15633073999438,45.26891554816486,15.0,2.0,0.0,E05
52818.0,20,47.23068669527897,48.946906615956465,41.85658298307395,9.0,2.0,0.0,E05
71250.0,11,47.53395689304595,47.955885579002626,40.01896140350877,13.0,2.0,0.0,E05
63296.0,9,47.54738562091503,55.06517114974592,45.70781723963599,15.0,2.0,0.0,E05
130075.0,17,51.14439178515008,44.8830008377787,34.73892754180281,16.0,2.0,1.0,E05
61119.0,8,54.05721605465414,50.471535971436175,43.43292593137977,11.0,2.0,1.0,E05
68420.0,15,43.866638441998305,43.22384079160143,37.56862028646594,11.0,2.0,1.0,E05
46483.0,5,48.375152253349576,44.52146707082605,38.80414345029366,6.0,2.0,1.0,E05
108029.0,11,47.36813186813187,48.618287230058066,37.77622772506364,14.0,2.0,1.0,E05
21204.0,6,47.58434221146086,48.69257779747565,44.55895444644379,6.0,2.0,1.0,E05
44611.0,3,48.56487603305785,51.84968715931418,42.27443903969873,12.0,2.0,1.0,E05
64282.0,4,47.257722308892355,54.43273778608035,43.01544755919231,15.0,2.0,1.0,E05
60611.0,9,52.70867768595041,55.03171973389358,48.24871722954579,13.0,2.0,1.0,E05
64068.0,19,40.579900124843945,44.47035729164623,40.889429980645566,8.0,2.0,1.0,E05
58231.0,2,48.943804537521814,47.01144828376329,40.772749909841835,13.0,2.0,1.0,E05
68977.0,18,43.214311016648956,49.04743473201052,41.27372892413413,14.0,2.0,1.0,E05
105408.0,14,52.21548017200191,52.512947773338674,44.497694628389276,21.0,2.0,1.0,E05
23899.0,7,40.22695852534562,45.07132898629029,40.440446127946124,4.0,2.0,1.0,E05
70130.0,20,64.9631052141527,65.63921600385052,59.77178097818337,45.0,2.0,2.0,E05
43940.0,26,57.28947368421053,66.3262067845307,58.765407373691396,11.0,2.0,2.0,E05
24562.0,27,52.22053872053872,66.47960286141566,61.881687159026136,8.0,2.0,2.0,E05
23597.0,34,73.92198581560284,67.28833995526476,56.50252300385871,8.0,2.0,2.0,E05
72202.0,12,42.94141829393628,51.89892171791043,47.150023545054154,4.0,2.0,2.0,E05
29252.0,33,62.5839636913767,57.672935507917416,50.409236975249556,4.0,2.0,2.0,E05
39417.0,36,47.03542234332425,53.02865256506115,47.31486414491209,5.0,2.0,2.0,E05
50982.0,13,59.57065868263473,58.179516932814785,52.23571064297203,8.0,2.0,2.0,E05
56092.0,19,58.723746452223274,61.75393336009932,57.12864579619197,16.0,2.0,2.0,E05
31650.0,38,63.96782496782497,71.75516415916047,63.10661601772713,8.0,2.0,2.0,E05
50100.0,29,51.38666666666666,58.77385770403277,52.81610778443114,9.0,2.0,2.0,E05
46726.0,22,72.95199182839632,78.28976201878181,62.40833797029491,5.0,2.0,2.0,E05
42394.0,21,45.3531746031746,57.96487744333004,53.32153134877577,3.0,2.0,2.0,E05
57293.0,17,58.58613507884558,60.101764083862435,54.13863822805578,16.0,2.0,2.0,E05
71122.0,30,57.4627345844504,59.3865951529305,54.612229689828744,26.0,2.0,2.0,E05
27515.0,31,55.526641883519204,55.5637968220784,48.033436307468655,5.0,2.0,2.0,E05
48277.0,28,54.45039590125757,59.23988442540345,55.32180955734615,11.0,2.0,2.0,E05
43559.0,35,53.16050156739812,60.644975216707195,54.95394751945637,16.0,2.0,2.0,E05
43995.0,23,60.71635704576348,61.64844178440549,57.75413115126719,10.0,2.0,2.0,E05
77093.0,14,64.48568054325362,59.67634205337292,51.10432853825898,33.0,2.0,2.0,E05
52589.0,7,51.58739441195581,48.282478163994526,40.334917948620436,7.0,2.0,2.0,E05
70621.0,5,50.07600434310532,48.08546107514335,41.120304158819614,9.0,2.0,2.0,E05
45948.0,16,50.52782279848731,58.89624674864282,50.843997562461915,10.0,2.0,2.0,E05
47672.0,26,58.61835748792271,53.39608898504606,44.62262963584494,7.0,2.0,3.0,E05
47318.0,12,57.821260815822,59.51362436237349,54.79513081702523,21.0,2.0,3.0,E05
72130.0,27,50.82742653606412,54.08787169315939,49.14931373908221,28.0,2.0,3.0,E05
52660.0,37,47.575925285368385,53.98344241895858,47.353703000379795,15.0,2.0,3.0,E05
13209.0,16,55.794642857142854,72.6750153247519,60.3100363856883,5.0,2.0,3.0,E05
82817.0,21,55.66538387531268,56.2807545215215,50.401849861743365,24.0,2.0,3.0,E05
44667.0,25,57.3452807646356,59.014388213463,50.117961806255174,6.0,2.0,3.0,E05
57054.0,40,51.17359154929577,55.013521966643594,46.306166088267254,14.0,2.0,3.0,E05
73433.0,38,44.962345090562444,46.74581254582137,43.46495444827257,10.0,2.0,3.0,E05
45686.0,29,50.05125899280576,55.38210612872017,45.656459309197565,10.0,2.0,3.0,E05
30443.0,35,55.81735985533454,55.59816623650532,48.004335972144666,12.0,2.0,3.0,E05
28185.0,18,51.701822916666664,60.32138003569377,53.49777825175074,8.0,2.0,3.0,E05
67352.0,15,50.98434815804543,54.22730872571255,51.03006592231856,27.0,2.0,3.0,E05
57096.0,43,46.73408401905587,49.22237408657227,40.748879080846294,11.0,2.0,3.0,E05
19854.0,10,55.54212034383954,59.29721020895913,54.57545079077264,11.0,2.0,3.0,E05
48735.0,31,59.947994561522776,54.698760332118255,48.10226736431723,14.0,2.0,3.0,E05
53028.0,39,40.44102321174799,44.448983183486305,38.79159673373942,11.0,2.0,3.0,E05
99317.0,34,53.97671568627451,51.481902102452025,42.986789774157494,11.0,2.0,3.0,E05
47850.0,14,50.19699192956713,56.16781288494709,44.524959237426316,14.0,2.0,3.0,E05
41072.0,33,60.0618320610687,59.69116411818424,50.04355765485002,6.0,2.0,3.0,E05
51752.0,36,44.90757304710793,56.367069192673995,49.121831040346265,9.0,2.0,3.0,E05
43474.0,37,45.09750566893424,47.0645626637912,40.78729866543949,9.0,2.0,4.0,E05
49951.0,28,49.83952451708767,52.2671451381282,48.02084042361514,38.0,2.0,4.0,E05
72128.0,34,55.969921875,57.95352533609843,50.025898402839395,12.0,2.0,4.0,E05
21133.0,51,71.40110701107011,70.27862144523336,65.21057114465528,18.0,2.0,4.0,E05
23081.0,43,63.892747252747256,64.10741176304748,58.62713920540705,11.0,2.0,4.0,E05
53636.0,29,60.8237749945067,64.30782210100325,59.38873144902677,25.0,2.0,4.0,E05
29192.0,19,55.48009101251422,48.01170858021852,44.05415867360921,4.0,2.0,4.0,E05
69705.0,15,43.063392347230156,45.3333526888299,41.165913492575854,10.0,2.0,4.0,E05
56811.0,25,48.0554926387316,56.12544248899547,50.673777965534846,14.0,2.0,4.0,E05
32072.0,40,57.562027231467475,63.432272922130885,54.97726989274133,7.0,2.0,4.0,E05
54334.0,13,50.50871199180048,52.86583258340027,48.165789376817465,14.0,2.0,4.0,E05
59229.0,22,48.161687631027256,53.27928934354616,47.28013304293505,21.0,2.0,4.0,E05
24810.0,16,57.063301282051285,51.125662925395545,46.321563885530026,8.0,2.0,4.0,E05
68160.0,23,54.755013962934754,56.95994707390988,51.7862676056338,23.0,2.0,4.0,E05
42092.0,10,52.140569964777455,59.66297716809923,50.5168440558776,16.0,2.0,4.0,E05
55041.0,21,49.68508525793222,51.29193941431508,48.491360985447216,27.0,2.0,4.0,E05
82552.0,7,50.72638822971049,52.40931750104761,46.53316697354395,20.0,2.0,4.0,E05
37764.0,42,50.65943775100401,57.18462240927813,52.82530981887512,7.0,2.0,4.0,E05
64974.0,33,59.148419203747075,61.5713425408821,58.729584141348845,19.0,2.0,4.0,E05
36065.0,17,54.34465317919075,54.61612660368919,46.216886177734644,8.0,2.0,4.0,E05
37313.0,9,60.46713409290096,60.989067967607156,54.882480636775384,11.0,2.0,4.0,E05
40994.0,47,62.416304710992314,67.06100331906781,60.135361272381324,17.0,2.0,4.0,E05
54437.0,27,44.9911566208983,50.620610902980594,47.72774032367691,21.0,2.0,4.0,E05
47318.0,46,58.211104513064136,56.11990831443489,49.73663831407897,22.0,2.0,4.0,E05
40927.0,24,44.027130434782606,47.062263690114236,41.814596720991034,14.0,2.0,4.0,E05
23333.0,45,49.4043321299639,70.58698151563429,62.48018718069807,5.0,2.0,4.0,E05
32843.0,12,50.29087261785356,54.53516420081265,49.93368449897999,15.0,2.0,4.0,E05
33201.0,18,50.199803149606296,57.660253447323704,47.676606126321495,5.0,2.0,4.0,E05
21569.0,48,72.63800657174151,71.29189068770728,64.71607399508554,10.0,2.0,4.0,E05
32556.0,41,57.7411214953271,64.7122854872187,61.08668141049269,5.0,2.0,4.0,E05
16218.0,49,64.81142656852435,63.94527286524696,60.56982482112016,23.0,2.0,4.0,E05
42074.0,6,55.50632911392405,56.51624020099523,50.4048105718496,19.0,2.0,4.0,E05
28964.0,55,71.21087242437527,77.6804093907318,70.32802789669935,14.0,2.0,5.0,E05
54207.0,12,42.29242700729927,46.2192707997282,39.16396406368181,10.0,2.0,5.0,E05
30065.0,50,68.67230576441102,66.08733200486995,61.481423582238484,17.0,2.0,5.0,E05
16437.0,27,47.736254295532646,64.76718272021238,59.92018008152339,12.0,2.0,5.0,E05
59366.0,7,46.0463126101183,54.48277707227216,46.22999696796146,19.0,2.0,5.0,E05
30964.0,56,50.47167487684729,59.31866363913814,54.49605968606679,10.0,2.0,5.0,E05
29795.0,63,60.091890225100215,66.73433561101662,60.30689713039101,18.0,2.0,5.0,E05
16206.0,45,62.24862637362637,65.11045792142822,61.671171171171174,9.0,2.0,5.0,E05
45155.0,36,61.794724770642205,63.52182038839541,57.48415457867346,4.0,2.0,5.0,E05
20155.0,26,49.59031100478469,59.30113366364659,52.18680228231208,12.0,2.0,5.0,E05
18191.0,24,65.50410677618069,64.42428304915275,53.1649853922055,14.0,2.0,5.0,E05
39394.0,44,61.79696862883328,68.90264493478095,62.17898051964544,16.0,2.0,5.0,E05
27962.0,51,67.16221374045801,68.0943675586232,62.25384450325441,7.0,2.0,5.0,E05
34954.0,41,54.12682926829268,60.57075931763129,57.89610724413509,9.0,2.0,5.0,E05
35275.0,42,40.19078104993598,49.886112559972474,47.27634301913537,4.0,2.0,5.0,E05
26472.0,16,62.26901408450704,60.60439651286018,50.06248111211846,7.0,2.0,5.0,E05
40984.0,58,59.58685143409603,58.84689104245773,58.13080714425141,16.0,2.0,5.0,E05
61717.0,22,55.72575976845152,56.688590675970346,50.76330670641801,6.0,2.0,5.0,E05
50456.0,20,53.54259541984733,54.41227753926116,49.11907404471223,18.0,2.0,5.0,E05
35084.0,57,57.44995829858215,69.45163563904208,63.726513510432106,14.0,2.0,5.0,E05
33655.0,65,57.42038946162658,70.66888345049429,64.67065814886347,5.0,2.0,5.0,E05
41325.0,61,61.85556537102474,65.17122601291315,63.24936479128856,13.0,2.0,5.0,E05
19990.0,64,63.93647540983606,75.71234233340302,68.51620810405203,12.0,2.0,5.0,E05
43244.0,21,59.023809523809526,58.60607585223059,50.44069640914037,10.0,2.0,5.0,E05
23560.0,52,60.11451247165533,69.60902987497585,62.5244927413193,6.0,2.0,5.0,E05
35747.0,60,54.495811119573496,62.55086082724909,57.810333734299384,7.0,2.0,5.0,E05
59355.0,35,50.31111111111111,48.89718026010505,43.50253559093589,4.0,2.0,5.0,E05
54117.0,40,53.4075382803298,52.089048915767926,49.71979230186448,13.0,2.0,5.0,E05
40117.0,38,55.51603498542274,62.92389518208772,56.83373632126031,10.0,2.0,5.0,E05
43601.0,15,41.8265081461911,56.720778772141124,49.548834755482154,12.0,2.0,5.0,E05
49335.0,30,43.69120287253142,54.64309356335705,48.81247719070597,8.0,2.0,5.0,E05
47561.0,29,55.15472312703583,66.03911161873539,58.0711927840037,11.0,2.0,5.0,E05
34149.0,33,61.431352459016395,62.253994306358635,57.50818471990395,11.0,2.0,5.0,E05
26477.0,31,57.64,60.84735374241605,54.80133051103719,7.0,2.0,5.0,E05
32264.0,47,50.01683029453015,60.76972724255327,57.16126332754773,6.0,2.0,5.0,E05
34188.0,46,58.57093225246091,61.10413787950115,55.078300561797754,10.0,2.0,5.0,E05
57452.0,19,47.116648992576884,49.86523851115099,43.84383485344287,13.0,2.0,5.0,E05
52712.0,10,46.06088319832767,51.11420546402891,43.0176050994081,18.0,2.0,5.0,E05
35666.0,49,56.44660194174757,72.19473547445176,67.47846688723153,18.0,2.0,5.0,E05
21643.0,66,61.70239774330042,74.79461304739934,68.1408111239861,16.0,2.0,5.0,E05
26469.0,59,59.19141323792486,70.62782893723055,65.63054894404776,17.0,2.0,5.0,E05
42515.0,34,50.67981438515081,57.10644539221805,54.78793367046924,7.0,2.0,5.0,E05
30721.0,6,61.100467289719624,63.48876874936491,55.4534683115784,7.0,2.0,5.0,E05
48591.0,17,53.953329837441004,57.080188494851306,52.56660698483258,21.0,2.0,5.0,E05
27359.0,13,51.06069802731411,63.964897129170765,55.341532950765746,3.0,2.0,5.0,E05
57195.0,32,60.24666359871146,56.19599890040103,51.15955940204563,10.0,2.0,5.0,E05
71973.0,19,46.55264326965793,48.06714973920822,38.10276075750629,12.0,3.0,0.0,E05
41867.0,27,69.59087171052632,66.86221967136886,63.47779874364058,14.0,3.0,0.0,E05
50132.0,11,42.184322033898304,50.86466281639905,45.01918934014203,5.0,3.0,0.0,E05
93237.0,9,49.10654490106545,48.88844814373817,41.289241395583296,11.0,3.0,0.0,E05
42173.0,24,58.741795665634676,55.112576666899216,46.51049249519835,9.0,3.0,0.0,E05
55364.0,6,49.50139405204461,48.02471324644774,40.19444043060472,10.0,3.0,0.0,E05
60527.0,20,56.94152431011827,61.300915735056726,53.84755563632759,14.0,3.0,0.0,E05
49771.0,7,45.85037406483791,48.71254718384329,42.96341242892447,15.0,3.0,0.0,E05
71429.0,29,50.78635170603675,55.82249758873223,46.92049447703314,10.0,3.0,0.0,E05
46380.0,25,40.70354523227384,50.516705639600985,42.08622250970246,8.0,3.0,0.0,E05
25722.0,17,58.3160621761658,62.21972793927545,53.324858098126114,4.0,3.0,0.0,E05
61470.0,22,53.18401937046005,58.3919010681027,50.17218155197657,14.0,3.0,0.0,E05
35036.0,15,60.44793388429752,58.50883497943794,47.90955017696084,4.0,3.0,0.0,E05
39063.0,14,64.6117216117216,54.781103291250346,48.99070731894632,7.0,3.0,0.0,E05
47506.0,10,47.61862442040186,50.860079038590285,44.72230876099861,14.0,3.0,0.0,E05
29806.0,18,59.51010101010101,58.9938904551233,52.09118969335033,8.0,3.0,0.0,E05
51295.0,28,53.340352595494615,57.20731685179143,50.11079052539234,10.0,3.0,0.0,E05
66610.0,22,53.630762311670786,53.825196317365126,47.038210344568725,22.0,3.0,1.0,E05
63787.0,18,49.53447659878528,48.19829733831642,40.934939721259816,13.0,3.0,1.0,E05
41033.0,5,54.79593961478397,56.146907283681955,52.37562449735579,10.0,3.0,1.0,E05
72982.0,17,57.21825226000861,53.310976788666515,44.87507537963928,25.0,3.0,1.0,E05
41687.0,7,53.20831864645753,56.759894842480186,53.50130736200734,14.0,3.0,1.0,E05
42430.0,6,63.71463217461601,48.65601144387034,41.96615602168277,6.0,3.0,1.0,E05
48620.0,13,55.06442880346508,52.141998776332365,48.77015631427396,9.0,3.0,1.0,E05
103190.0,11,50.16835599505563,48.52566546037778,40.816862099040605,22.0,3.0,1.0,E05
66984.0,12,45.392265193370164,46.29211313214339,41.44518093873164,27.0,3.0,1.0,E05
79190.0,20,51.43731635651322,45.61403692350481,38.875186260891525,12.0,3.0,1.0,E05
64159.0,14,49.073680351906155,54.50939610828811,51.31340701136346,12.0,3.0,1.0,E05
50969.0,10,44.850175438596494,51.300830715207276,45.46082913143283,14.0,3.0,1.0,E05
55117.0,47,53.01847389558233,54.511729251667596,51.132332928090584,27.0,3.0,2.0,E05
68271.0,43,45.313427010148324,50.288992896404025,38.603682383442454,13.0,3.0,2.0,E05
42020.0,17,71.48255342169327,69.78173895023727,60.13124702522608,18.0,3.0,2.0,E05
73567.0,40,46.93337212685481,50.133559228085296,44.082373890467196,16.0,3.0,2.0,E05
53270.0,27,59.42094662638469,61.325283552460625,53.68665290031913,13.0,3.0,2.0,E05
47604.0,23,45.67045075125208,51.814461838764664,46.751743550962104,15.0,3.0,2.0,E05
33268.0,26,51.659707724425886,65.29747888057807,58.80717205723217,12.0,3.0,2.0,E05
61462.0,46,52.02654028436019,60.10465553688036,52.69268816504507,15.0,3.0,2.0,E05
64770.0,38,50.25771403737505,46.04812293332097,40.970155936390306,12.0,3.0,2.0,E05
48464.0,25,73.53539253539253,68.51435489278605,59.06413007593265,3.0,3.0,2.0,E05
36399.0,49,55.68154657293498,62.48265805705565,55.00993505063848,16.0,3.0,2.0,E05
56366.0,14,57.330947511929104,63.38618723697362,55.6143278071639,15.0,3.0,2.0,E05
63521.0,29,53.476450689565446,55.9695474350849,51.365501172840474,19.0,3.0,2.0,E05
39307.0,37,55.04553829955251,59.89533091570954,53.350726333731906,20.0,3.0,2.0,E05
53210.0,45,58.63703131039814,58.98692198312964,54.30464198458936,26.0,3.0,2.0,E05
30564.0,19,54.269503546099294,55.86584543879111,51.79835754482398,12.0,3.0,2.0,E05
76077.0,34,49.666755177907596,51.88326454717785,46.49173863322686,18.0,3.0,2.0,E05
48743.0,42,54.35004074979625,61.95939466746535,55.37539749297335,12.0,3.0,2.0,E05
51583.0,20,51.95782246199117,52.0846333149627,48.25066397844251,11.0,3.0,2.0,E05
89128.0,9,50.40868530636526,51.20955324268179,44.70386959889536,16.0,3.0,2.0,E05
74818.0,39,59.0175654853621,59.74841663462269,50.77316955812773,14.0,3.0,2.0,E05
58651.0,48,51.543730886850156,55.569148720247995,46.398833779475204,16.0,3.0,2.0,E05
52421.0,11,54.922099712368166,57.47387707483082,52.767707598099996,22.0,3.0,2.0,E05
61613.0,22,55.30675632404739,64.3367920323455,56.973560774511874,16.0,3.0,2.0,E05
68252.0,15,48.459144839937316,49.447574665757756,44.730088495575224,21.0,3.0,2.0,E05
59191.0,33,53.21893981225842,59.852064014799964,54.62414894156206,17.0,3.0,2.0,E05
48233.0,30,55.568165596002856,56.18246056730638,52.76470466278274,33.0,3.0,2.0,E05
43187.0,41,65.4364437913299,63.64991835891712,54.330215111028785,11.0,3.0,3.0,E05
47837.0,11,63.724844167408726,64.68973080908727,59.666847837448,25.0,3.0,3.0,E05
23989.0,7,59.68347338935574,61.213875694206735,55.11684522072617,4.0,3.0,3.0,E05
47565.0,17,51.06418039895924,63.038441790697554,53.46450120887207,6.0,3.0,3.0,E05
24609.0,35,63.30562659846547,63.59199060612255,56.26108334349222,9.0,3.0,3.0,E05
61691.0,16,50.253157894736844,49.78774340305696,40.98567051920053,9.0,3.0,3.0,E05
122898.0,13,56.03166332665331,57.929752408255126,54.37182867093036,37.0,3.0,3.0,E05
28348.0,37,63.86130985140341,59.79061327343538,54.45594045435304,11.0,3.0,3.0,E05
29285.0,10,52.50103348491112,61.37959504224991,55.364725968926074,16.0,3.0,3.0,E05
24511.0,38,61.61295180722892,66.27447450910978,59.43812981926482,8.0,3.0,3.0,E05
131768.0,25,58.82295152758286,62.565525177021335,58.55188664926234,46.0,3.0,3.0,E05
110158.0,39,58.878818737270876,55.1590057895361,45.926097060585704,34.0,3.0,3.0,E05
35413.0,40,59.07309644670051,64.64270347900704,59.465902352243525,7.0,3.0,3.0,E05
20738.0,28,57.722550177095634,64.57642436333477,61.06626128082622,9.0,3.0,3.0,E05
68707.0,26,65.75163849603311,71.31892661329537,63.028444379647176,14.0,3.0,3.0,E05
27472.0,23,47.79707602339181,56.76873887671647,50.43880236894056,11.0,3.0,3.0,E05
19382.0,22,54.50280224179343,58.07781429600155,54.94221442575586,6.0,3.0,3.0,E05
22961.0,8,62.51390058972199,57.673971879709164,52.74143112233788,10.0,3.0,3.0,E05
34011.0,34,55.12968820605513,59.52411374159022,56.26126841316045,12.0,3.0,3.0,E05
28114.0,5,60.47578589634664,54.21575697790442,49.995767233406845,9.0,3.0,3.0,E05
89216.0,24,53.76585560430794,57.925354539284456,53.35646072453372,24.0,3.0,3.0,E05
66516.0,20,51.98929961089494,50.31321892113664,43.960099825605866,22.0,3.0,4.0,E05
40224.0,22,57.67810292633703,51.77353793891948,45.04290970564837,10.0,3.0,4.0,E05
50440.0,26,54.34136444331727,57.14966885824876,52.08867961934972,21.0,3.0,4.0,E05
33517.0,12,46.94028389623103,52.791484679284814,49.34585434257242,12.0,3.0,4.0,E05
30956.0,25,58.82643607164917,62.36995484113758,56.13251066029203,8.0,3.0,4.0,E05
52910.0,31,53.967592592592595,57.03909294776508,51.554791154791154,23.0,3.0,4.0,E05
36030.0,18,66.39232153569286,68.93600128093414,62.94068831529281,18.0,3.0,4.0,E05
61257.0,19,51.9351529229578,58.504000826057506,53.78903635502881,27.0,3.0,4.0,E05
36762.0,8,59.317634746206174,59.000993047293065,54.183967139981505,11.0,3.0,4.0,E05
68859.0,17,52.576960498151394,50.01511217595629,46.46326551358573,26.0,3.0,4.0,E05
36217.0,37,48.527126590756865,57.38275700726872,49.862026120330235,8.0,3.0,4.0,E05
51112.0,42,51.75449775112444,52.59519727518724,46.86463061511974,14.0,3.0,4.0,E05
44876.0,36,47.19641825534373,59.498499221103984,53.28973170514306,9.0,3.0,4.0,E05
53241.0,45,44.87788906009245,55.05984201849035,46.32409233485472,14.0,3.0,4.0,E05
30419.0,21,47.228799089356855,52.43460560615946,46.692267227774856,9.0,3.0,4.0,E05
23011.0,13,58.396029258098224,58.91800473775187,55.06328233657858,6.0,3.0,4.0,E05
36131.0,7,63.34719626168224,62.254550538899736,52.46633085162326,13.0,3.0,4.0,E05
24840.0,6,56.46191512513602,59.42308610047358,55.74855072463768,9.0,3.0,4.0,E05
69321.0,38,47.415282392026576,48.60637151156356,40.78820270913576,7.0,3.0,4.0,E05
16260.0,15,56.98444444444444,60.01611857114662,55.153567035670356,3.0,3.0,4.0,E05
61237.0,28,49.73068893528184,53.5431847303026,47.21457615493901,15.0,3.0,4.0,E05
47129.0,40,41.48656429942418,49.98382708659019,43.07795624774555,5.0,3.0,4.0,E05
36454.0,41,57.59888406695598,62.18901050095012,54.647446096450324,8.0,3.0,4.0,E05
28641.0,29,71.53466666666667,61.23220539095243,50.27938915292144,6.0,3.0,4.0,E05
55996.0,33,57.578998073217726,52.4831142223755,44.59436388313451,12.0,3.0,4.0,E05
17837.0,24,62.91889312977099,63.135855196120694,57.09817121059127,6.0,3.0,4.0,E05
18251.0,11,61.62068965517241,60.96066671707539,54.447427538217084,9.0,3.0,4.0,E05
47727.0,35,43.993359158826784,54.485942983963575,50.69732017516291,8.0,3.0,4.0,E05
79181.0,32,53.89428918590522,47.28952999619702,40.09504805445751,9.0,3.0,4.0,E05
77822.0,27,46.98031155344007,50.02892051476211,43.644971858857396,22.0,3.0,5.0,E05
80270.0,35,65.8338020247469,58.889909037830606,50.527831070138284,16.0,3.0,5.0,E05
55673.0,14,63.78827204998798,61.64007154775973,56.05147917302822,22.0,3.0,5.0,E05
51872.0,37,56.269702276707534,58.2094498468703,52.085865206662554,18.0,3.0,5.0,E05
69566.0,38,39.88503344481605,45.04412446144602,40.410487882011324,12.0,3.0,5.0,E05
63217.0,7,50.125048393341075,56.794233563082734,50.869797681003526,13.0,3.0,5.0,E05
36297.0,44,57.37150349650349,59.92189877042114,53.88618894123481,11.0,3.0,5.0,E05
73083.0,29,55.74571934658532,56.41294809893095,51.4621594625289,27.0,3.0,5.0,E05
59554.0,25,51.80820804550996,56.91447910927579,50.191775531450446,23.0,3.0,5.0,E05
35907.0,19,49.02997858672377,56.715420968553744,51.38598005904306,23.0,3.0,5.0,E05
37914.0,22,47.9023207481815,56.56391088574173,51.00596085878567,15.0,3.0,5.0,E05
44652.0,11,49.57030129124821,69.02986918770324,60.836600282264385,7.0,3.0,5.0,E05
49167.0,42,56.896728419392986,61.09978120330651,54.955864706002,11.0,3.0,5.0,E05
62193.0,26,51.795959595959594,51.022249638177335,45.65857893975206,15.0,3.0,5.0,E05
37046.0,10,51.89430311716231,59.83840835548188,52.806078928899204,15.0,3.0,5.0,E05
66463.0,33,57.25202546296296,53.92530656130033,48.505348840708365,18.0,3.0,5.0,E05
35979.0,15,51.77801879971077,58.46948900074235,50.109758470218736,6.0,3.0,5.0,E05
67551.0,13,46.9234996702572,52.23006998573152,46.52966264846133,23.0,3.0,5.0,E05
37452.0,28,40.57754927163668,51.12601275252903,44.15315603973085,5.0,3.0,5.0,E05
70842.0,30,49.71089285714286,49.59754752822381,43.61600463002174,29.0,3.0,5.0,E05
55837.0,39,50.309082693176684,59.2343994952991,52.03438580152945,12.0,3.0,5.0,E05
34719.0,21,47.59235294117647,52.31765636176271,46.56168092398975,9.0,3.0,5.0,E05
41605.0,43,49.69504447268107,66.75959576948706,59.92947962985218,4.0,3.0,5.0,E05
64152.0,24,54.823134953897735,61.075107459940945,54.11854657687991,10.0,3.0,5.0,E05
33494.0,18,52.86988847583643,67.29837688917868,58.487311160207796,9.0,3.0,5.0,E05
50509.0,31,53.57402406088878,60.59698117469712,55.75390524460987,22.0,4.0,0.0,E05
57999.0,43,51.437448672324116,53.58304068170876,51.22267625303885,20.0,4.0,0.0,E05
37095.0,14,55.04334677419355,53.33878553941628,49.94090847823157,16.0,4.0,0.0,E05
24897.0,5,60.9587961304192,60.6335324252278,55.57171546772704,20.0,4.0,0.0,E05
39253.0,37,49.58421913327882,56.949416190836075,52.845667847043536,13.0,4.0,0.0,E05
44585.0,19,58.09669421487603,55.38484218892507,49.942514298530895,17.0,4.0,0.0,E05
67412.0,26,57.82512019230769,63.40649057754465,58.54294487628315,36.0,4.0,0.0,E05
51655.0,54,60.89475774424146,62.76842917381572,58.78727815236767,14.0,4.0,0.0,E05
34038.0,40,64.00115340253748,71.16577484709379,66.10347258945885,8.0,4.0,0.0,E05
46575.0,48,51.93862326212275,61.27906765607846,56.183235281487526,16.0,4.0,0.0,E05
63667.0,22,57.469863616366034,53.711937248764855,49.9759372987576,13.0,4.0,0.0,E05
45279.0,8,53.23869713174526,57.365688246506394,51.49941473972482,11.0,4.0,0.0,E05
34593.0,24,55.13396889111892,56.16854905074667,52.84985401670858,12.0,4.0,0.0,E05
51148.0,35,59.40243490023673,62.36482080179824,58.7113639918661,15.0,4.0,0.0,E05
65248.0,55,56.89421573736321,58.8687771192702,52.538376655223146,18.0,4.0,0.0,E05
40986.0,7,57.42182227221597,61.326437535020574,55.172253940369885,9.0,4.0,0.0,E05
77776.0,38,48.43609789259008,55.501899813632875,51.720145031886446,15.0,4.0,0.0,E05
45872.0,50,56.563947953030784,62.94432218103591,59.1525915898869,19.0,4.0,0.0,E05
55700.0,34,62.98718418161845,63.65215895493024,56.4810592459605,14.0,4.0,0.0,E05
32502.0,15,60.90130459444129,56.86226582862115,52.32564149898468,9.0,4.0,0.0,E05
11591.0,3,64.87341772151899,80.19769801196767,65.23086877749978,4.0,4.0,0.0,E05
53914.0,18,50.708165997322624,50.951271707947505,47.832715064732724,16.0,4.0,0.0,E05
59428.0,21,59.646341463414636,56.27261199028292,52.303190415292455,22.0,4.0,0.0,E05
48760.0,42,46.11922937113777,59.88625783443663,55.84138638228056,14.0,4.0,0.0,E05
52997.0,30,64.72205488621151,63.620999448286156,58.722493726059966,31.0,4.0,0.0,E05
47082.0,41,57.93471966306923,58.81870708687509,54.387472919587104,21.0,4.0,0.0,E05
19575.0,23,57.46859296482412,68.92128284717234,62.994227330779054,4.0,4.0,0.0,E05
46716.0,29,54.33618843683084,58.22702448230649,55.026950081342584,11.0,4.0,0.0,E05
47158.0,36,50.13797777175386,53.47481605740962,50.48396878578396,21.0,4.0,0.0,E05
34177.0,6,64.62273276904475,59.98016608985753,49.51484916756883,11.0,4.0,0.0,E05
48058.0,51,51.9796817625459,58.77150045162314,54.73850347496775,25.0,4.0,0.0,E05
24119.0,13,51.48046875,56.01578565877085,47.105601393092584,5.0,4.0,0.0,E05
30271.0,17,54.57059961315281,73.43136803871148,65.0224307092597,7.0,4.0,0.0,E05
54464.0,32,55.69701986754967,62.910255814922856,58.045398592662,11.0,4.0,0.0,E05
34587.0,10,47.15745007680491,58.0706088804095,50.34802093272039,9.0,4.0,0.0,E05
53300.0,27,48.630117973629424,54.938206736502316,51.0705690202189,7.0,4.0,0.0,E05
74132.0,13,51.31021111589832,50.7252478404351,43.084376517563264,13.0,4.0,1.0,E05
43812.0,22,59.18347457627119,58.28339126409553,54.214119419337166,12.0,4.0,1.0,E05
72469.0,29,54.405216284987276,56.357610877195285,47.501386799873046,23.0,4.0,1.0,E05
109846.0,28,41.480908326324645,44.21744378672909,35.53601114337997,32.0,4.0,1.0,E05
51250.0,23,63.61996418979409,59.711210034533,51.56403902439025,12.0,4.0,1.0,E05
49440.0,21,60.670133111480865,59.404856193910085,51.720995145631065,12.0,4.0,1.0,E05
45102.0,9,52.54148323738571,54.15156987026533,49.29830162742229,15.0,4.0,1.0,E05
104031.0,8,48.20477918935269,48.59259460423163,40.71946823542982,13.0,4.0,1.0,E05
68794.0,30,57.25586227367171,60.242967703156694,54.50280547722185,16.0,4.0,1.0,E05
108411.0,26,44.74382716049383,44.06076096126538,33.919629185499495,16.0,4.0,1.0,E05
44040.0,24,49.335031847133756,47.83975890714405,39.57211625794732,7.0,4.0,1.0,E05
47729.0,55,61.85322580645161,70.85145982143517,64.63837499214314,3.0,4.0,2.0,E05
42851.0,9,49.97038626609442,54.03399637778959,48.535786796107445,11.0,4.0,2.0,E05
45057.0,41,59.93394648829432,56.481758233324726,50.82144838759793,17.0,4.0,2.0,E05
38238.0,50,52.51063829787234,63.20903024974599,58.51072231811287,9.0,4.0,2.0,E05
33791.0,20,45.569686411149824,47.671373505241434,44.38675978810926,7.0,4.0,2.0,E05
55737.0,8,48.814962878355225,51.60237631252014,45.85056605127653,9.0,4.0,2.0,E05
34787.0,15,49.616377952755904,58.09475059136305,53.66237387529824,18.0,4.0,2.0,E05
44411.0,12,55.602925243770315,56.35026285521003,48.598477854585575,10.0,4.0,2.0,E05
38350.0,22,54.71498257839721,58.2950779115926,54.934941329856585,16.0,4.0,2.0,E05
47564.0,29,48.67616822429907,53.63381478028948,49.018438314691785,11.0,4.0,2.0,E05
41132.0,7,57.181654676258994,59.43214800424533,50.6045928917216,8.0,4.0,2.0,E05
32124.0,26,50.398022249690975,56.23010413883112,50.758965259618975,4.0,4.0,2.0,E05
37094.0,57,49.62630014858841,56.70240093185801,52.17399040276055,7.0,4.0,2.0,E05
41582.0,42,56.54551920341394,59.366123670476426,55.47638401231302,16.0,4.0,2.0,E05
15201.0,17,44.774954627949185,53.58084906071111,48.125958234205655,3.0,4.0,2.0,E05
53272.0,34,51.22664282521234,55.32787031930647,51.62897957651299,10.0,4.0,2.0,E05
26478.0,5,51.47008547008547,51.069849845181686,46.419102651257646,18.0,4.0,2.0,E05
43408.0,32,57.39427773900907,59.65276970273346,54.48009583486915,14.0,4.0,2.0,E05
19127.0,56,54.40049751243781,66.19474836000242,63.852501046462955,3.0,4.0,2.0,E05
69098.0,47,51.21222347206599,55.77194037200147,49.151538394743696,13.0,4.0,2.0,E05
45869.0,36,55.13446267866596,62.224455000865156,56.36948036372359,11.0,4.0,2.0,E05
33208.0,19,39.59087452471483,51.077456261544036,47.14315827511443,8.0,4.0,2.0,E05
52151.0,30,55.70720371804803,55.866893662549444,49.99557055473529,20.0,4.0,2.0,E05
30641.0,51,58.325235109717866,58.92936886400992,54.89376978558141,8.0,4.0,2.0,E05
17711.0,21,64.12241887905604,71.4362234035,63.29811981254588,9.0,4.0,2.0,E05
39149.0,40,43.638216560509555,56.85032319790781,50.09899672399673,5.0,4.0,2.0,E05
34338.0,54,56.87435633367662,61.916495454055685,55.27095346263614,5.0,4.0,2.0,E05
64612.0,45,50.610837438423644,55.22808180152761,50.02256850322961,17.0,4.0,2.0,E05
25289.0,10,52.6773418734988,58.46508751337247,52.96593751240621,7.0,4.0,2.0,E05
48303.0,28,50.304255319148936,63.89048463753521,56.75829658613337,8.0,4.0,2.0,E05
55690.0,46,54.65108944954128,55.668431507790395,50.777711935929894,20.0,4.0,2.0,E05
39536.0,44,55.57930411206507,60.344000382849174,54.47015378389316,14.0,4.0,2.0,E05
27650.0,23,50.34787234042553,54.304125239126115,48.65399638336347,4.0,4.0,2.0,E05
55006.0,13,60.39795918367347,53.96507254548072,47.80163982111043,6.0,4.0,2.0,E05
44046.0,33,41.31345454545455,55.50503471727222,50.46423944910343,6.0,4.0,2.0,E05
30517.0,24,53.40444679724722,55.64006882413336,50.701969394108204,9.0,4.0,2.0,E05
41834.0,35,56.07468123861567,59.96551723582625,54.6480374814744,20.0,4.0,2.0,E05
20132.0,14,59.84700206753963,57.909572981001666,53.27220345718259,11.0,4.0,2.0,E05
37869.0,48,55.30769230769231,60.73817691743625,54.69442023818955,4.0,4.0,2.0,E05
24335.0,45,59.75453575240128,77.57315882124117,68.10725292788165,5.0,4.0,3.0,E05
58268.0,30,53.19732607080961,63.712897861080165,57.731979817395484,22.0,4.0,3.0,E05
45304.0,56,52.502927088877065,54.07450523178135,48.17883630584496,10.0,4.0,3.0,E05
42318.0,12,44.078980891719745,54.1236502660817,50.88989719957462,3.0,4.0,3.0,E05
23389.0,16,54.62794348508634,62.757136631578966,57.786954662104364,10.0,4.0,3.0,E05
32585.0,18,47.625756266205705,60.51474623765749,54.80385763066416,6.0,4.0,3.0,E05
15765.0,6,46.69548872180451,50.05438986610957,46.122980652576466,4.0,4.0,3.0,E05
19537.0,65,59.375451263537904,60.80498070227067,44.8002875038505,4.0,4.0,3.0,E05
46728.0,40,68.78464479133481,65.05554992538296,55.93686733580157,16.0,4.0,3.0,E05
32905.0,63,66.43362831858407,71.03497324864117,54.4040115483969,4.0,4.0,3.0,E05
41330.0,46,77.68448576409064,80.19658670031637,69.76605371400919,7.0,4.0,3.0,E05
29645.0,29,60.172218284904325,62.35457655576572,51.43659976387249,8.0,4.0,3.0,E05
27156.0,32,48.407476635514016,59.12244965043747,51.841250552364116,3.0,4.0,3.0,E05
41152.0,9,54.308417289567764,58.3482457701985,52.37640940902022,16.0,4.0,3.0,E05
28339.0,37,57.76699029126213,63.767317046451815,54.18112848018632,3.0,4.0,3.0,E05
42655.0,21,56.88218224027858,58.341269747846916,55.30247333255187,8.0,4.0,3.0,E05
42477.0,38,56.57594028136664,57.74074748097857,52.61833462815171,21.0,4.0,3.0,E05
62266.0,49,44.687565674255694,49.701704881004964,45.53573378729965,14.0,4.0,3.0,E05
31597.0,41,73.5257429886982,83.35211116834927,71.54384909959806,10.0,4.0,3.0,E05
57597.0,13,47.83527250459277,59.476783182744086,52.93801128962223,8.0,4.0,3.0,E05
27939.0,35,63.12616019250601,69.24583682745852,62.78853931779949,19.0,4.0,3.0,E05
48391.0,26,58.57320574162679,62.2547049497002,56.04330570312339,10.0,4.0,3.0,E05
8288.0,28,82.1349614395887,75.34034088630122,61.56490210297317,6.0,4.0,3.0,E05
31393.0,59,53.81711555169418,56.41067012174537,54.23932086770936,13.0,4.0,3.0,E05
37663.0,62,50.295081967213115,53.958102870427616,50.1844781350397,9.0,4.0,3.0,E05
27493.0,55,42.08794788273616,47.39850740385837,43.07547375695631,7.0,4.0,3.0,E05
69659.0,51,60.50939457202505,65.4934412112109,61.09535020600353,26.0,4.0,3.0,E05
19448.0,25,71.28171091445428,71.3595709580516,62.67659924862333,5.0,4.0,3.0,E05
44599.0,22,44.205128205128204,55.395945212825055,51.13110159420615,7.0,4.0,3.0,E05
25994.0,11,59.79764243614931,64.85890420844316,58.74063245364315,8.0,4.0,3.0,E05
35411.0,4,75.82720105124835,71.65968987012508,66.80153059783683,7.0,4.0,3.0,E05
55434.0,50,50.012857977790766,53.02511595860117,44.671843994660314,8.0,4.0,3.0,E05
51300.0,39,55.29025942241801,65.0578420774028,60.22448343079922,10.0,4.0,3.0,E05
45356.0,33,52.60408455750627,54.58831049102945,51.2425478437252,15.0,4.0,3.0,E05
23881.0,47,61.63963133640553,61.1705855606126,54.86654931053271,30.0,4.0,3.0,E05
8424.0,14,35.91263940520446,61.69712388925138,54.62531463502337,3.0,4.0,3.0,E05
17721.0,67,59.924731182795696,61.08094089180277,54.67321257265392,4.0,4.0,3.0,E05
46512.0,40,54.66074950690335,57.3228689340981,50.97149122807018,10.0,4.0,4.0,E05
42213.0,66,58.07616361071932,64.08457580018711,60.590884324734084,16.0,4.0,4.0,E05
39343.0,37,57.76916338151555,56.518457878239204,50.664285532704575,12.0,4.0,4.0,E05
36082.0,17,63.59887685519455,67.40557969570642,63.296403197158085,12.0,4.0,4.0,E05
25946.0,70,54.39976204640095,61.41959980861412,57.529060356124255,10.0,4.0,4.0,E05
43716.0,48,46.032210109018834,60.96514230524473,55.31254003110989,11.0,4.0,4.0,E05
25798.0,44,60.267645398080184,63.04700169808735,57.23765408171176,10.0,4.0,4.0,E05
28278.0,25,57.57276446522501,69.49765770789234,65.02503713133885,10.0,4.0,4.0,E05
43725.0,11,50.80136626379401,51.74276564496432,49.67915380217267,8.0,4.0,4.0,E05
38227.0,59,56.11275740833752,61.80239096508974,57.1530593559526,22.0,4.0,4.0,E05
44235.0,51,51.333967046894806,56.119414684622114,52.022403580955825,8.0,4.0,4.0,E05
27956.0,31,52.24364123159304,65.87344963320888,59.54235226784948,8.0,4.0,4.0,E05
43910.0,13,48.750833730347786,58.804922188138946,52.28556137554088,11.0,4.0,4.0,E05
34464.0,38,46.98394495412844,51.627267714825415,49.454184076137416,4.0,4.0,4.0,E05
22869.0,28,45.842428900845505,63.20716975719088,55.310201582928855,9.0,4.0,4.0,E05
38094.0,68,65.72053462940461,64.10101765563049,59.44232687562346,12.0,4.0,4.0,E05
41427.0,34,58.73534774680906,67.16965295118811,61.81683168316832,21.0,4.0,4.0,E05
33318.0,61,53.028297779712666,60.36002222421897,58.02689237049042,12.0,4.0,4.0,E05
31918.0,71,64.98547979797979,69.66459158383621,63.408954195125006,7.0,4.0,4.0,E05
23597.0,60,59.3857421875,71.19852429529779,61.847099207526384,7.0,4.0,4.0,E05
43892.0,54,76.18139457480446,80.43129591004657,71.9114417205869,37.0,4.0,4.0,E05
17841.0,29,53.47146739130435,63.47804710009812,57.37525923434785,10.0,4.0,4.0,E05
42220.0,16,54.51655629139073,63.25399544429151,59.279434069580056,17.0,4.0,4.0,E05
27818.0,64,49.05436573311368,69.5728209951722,63.52739233589762,7.0,4.0,4.0,E05
16007.0,22,56.57709648331831,65.12848016528648,58.9679495189304,7.0,4.0,4.0,E05
26577.0,63,55.53042266604738,74.64259585709722,68.2771193136923,13.0,4.0,4.0,E05
25523.0,62,59.39876957494407,71.7270347676097,65.35693296242604,10.0,4.0,4.0,E05
36934.0,39,55.49401829697396,58.49456801519549,55.43163480803596,7.0,4.0,4.0,E05
65625.0,67,47.57720870678617,55.59881373245752,52.54448761904762,22.0,4.0,4.0,E05
24579.0,32,62.50622876557191,62.93640957713107,57.15753285324871,13.0,4.0,4.0,E05
53759.0,53,57.68019093078759,64.3448821478477,59.85179328819108,21.0,4.0,4.0,E05
25141.0,49,63.50989859971028,60.79404907529781,55.18726383198759,12.0,4.0,4.0,E05
22872.0,36,57.11516853932584,66.90621549609536,60.76900828257154,8.0,4.0,4.0,E05
16059.0,30,55.13677811550152,60.29932918246414,56.29001308329699,4.0,4.0,4.0,E05
28610.0,46,50.77204502814259,62.74434196068717,57.672841663753935,6.0,4.0,4.0,E05
27108.0,18,56.85530270502362,67.67061269599927,58.98531798731002,20.0,4.0,4.0,E05
44285.0,50,57.78618535230822,63.35445067640534,57.64554589590155,17.0,4.0,4.0,E05
34766.0,47,57.665511265164646,52.342424448952336,49.48256516485414,3.0,4.0,4.0,E05
16971.0,6,58.44325657894737,71.05567895396007,64.24889517412056,7.0,4.0,4.0,E05
39155.0,23,55.4567614625653,61.829378594880296,54.55530583578087,9.0,4.0,4.0,E05
19227.0,58,58.5613818630475,68.14985420875524,63.56264627867062,11.0,4.0,4.0,E05
25394.0,35,59.828125,62.56578592289193,54.99889737733323,7.0,4.0,4.0,E05
16471.0,57,50.13370473537604,67.46043042158468,62.47929568913175,7.0,4.0,4.0,E05
51516.0,14,48.17188118811881,51.40433456673694,46.48394673499495,11.0,4.0,4.0,E05
17782.0,56,49.722972972972975,72.52159166258897,66.60147373157835,7.0,4.0,4.0,E05
45958.0,47,62.91967871485944,61.02979215573109,56.253448801079244,10.0,4.0,5.0,E05
19671.0,18,44.58477508650519,51.4836907654209,47.49638603278021,3.0,4.0,5.0,E05
46452.0,7,56.4375,55.00853658045947,48.131382932920005,10.0,4.0,5.0,E05
35041.0,23,53.344107744107745,50.899000481964734,44.85511258240347,12.0,4.0,5.0,E05
27162.0,32,63.22857142857143,61.6866932911823,56.04106609650901,4.0,4.0,5.0,E05
56066.0,44,55.87892898719441,60.20931437635162,55.74606713516213,17.0,4.0,5.0,E05
43654.0,28,56.05868814729574,49.82484990989233,43.603289503825536,5.0,4.0,5.0,E05
95419.0,11,39.92646592709984,43.465951962698234,38.27534348505015,15.0,4.0,5.0,E05
54892.0,20,51.11309523809524,56.72063560282987,53.311848721125116,20.0,4.0,5.0,E05
71095.0,35,53.51160245183888,55.89489929558993,49.51270834798509,23.0,4.0,5.0,E05
95057.0,14,46.242242503259455,46.025728824230825,38.663444038839856,17.0,4.0,5.0,E05
55766.0,9,43.68165680473373,51.09716708713895,45.02998242656816,8.0,4.0,5.0,E05
34361.0,34,61.16044090630741,69.82164804848341,67.22997002415529,10.0,4.0,5.0,E05
67368.0,26,51.554794520547944,56.085577118573816,49.887810236313975,18.0,4.0,5.0,E05
85785.0,42,45.14803220035778,48.49450940397233,42.34968817392318,21.0,4.0,5.0,E05
60217.0,49,47.09986595174263,49.9487191951156,43.39253034857266,7.0,4.0,5.0,E05
12369.0,31,65.42857142857143,65.70805079404334,55.69446016983421,3.0,4.0,5.0,E05
69273.0,16,46.94359576968272,51.62689307449829,45.273752454660965,9.0,4.0,5.0,E05
72252.0,15,55.15153337342153,54.95345884773205,46.76561202458063,13.0,4.0,5.0,E05
57608.0,33,56.61533348105473,61.347117754182506,58.06249239699007,24.0,4.0,5.0,E05
80179.0,19,51.617836445589184,52.24123209865337,44.25839683707704,13.0,4.0,5.0,E05
50405.0,27,52.74437337123904,55.85026819386483,51.57028072611844,22.0,4.0,5.0,E05
51977.0,52,56.44856839872747,61.5894527250815,56.00844604344229,18.0,4.0,5.0,E05
68930.0,46,55.62826420890937,50.15460864305634,43.24562599738866,3.0,4.0,5.0,E05
26121.0,22,40.968515742128936,52.772500035241436,46.22346005129972,3.0,4.0,5.0,E05
31624.0,38,71.77089783281734,71.45582494751864,65.6727169238553,11.0,4.0,5.0,E05
49978.0,41,58.55669642857143,71.67302564872739,67.48947536916243,12.0,4.0,5.0,E05
53482.0,10,43.349689791314155,45.702669050344156,41.44087730451367,18.0,4.0,5.0,E05
93106.0,8,44.26099092812282,40.99908327123493,35.71555001825876,22.0,4.0,5.0,E05
57154.0,26,49.890214216163585,50.5047127538304,45.269657416803724,19.0,5.0,0.0,E05
31747.0,12,48.38957963291889,57.30172213921564,50.597183719758064,9.0,5.0,0.0,E05
75947.0,38,53.42909185532136,56.4844631755417,50.04030442282118,20.0,5.0,0.0,E05
66959.0,21,46.00203183203522,55.95843607106118,48.718140951925804,13.0,5.0,0.0,E05
19053.0,14,52.64641555285541,53.797611250200426,49.598966844130516,11.0,5.0,0.0,E05
51723.0,33,59.34955393349554,69.2982905685931,60.84424724010595,14.0,5.0,0.0,E05
68000.0,5,44.634438305709025,53.85634860791836,44.08264705882353,17.0,5.0,0.0,E05
57162.0,20,48.14773093015771,54.14369045660273,50.598387040341485,16.0,5.0,0.0,E05
30982.0,8,51.57495256166983,58.12560997962121,49.792556968562394,4.0,5.0,0.0,E05
37659.0,18,52.70040816326531,60.92376527796151,50.50896200111527,7.0,5.0,0.0,E05
40104.0,30,48.83373845405931,55.799794044526585,50.56101635747058,10.0,5.0,0.0,E05
25154.0,10,49.8088,47.62776002138234,43.63740427568602,6.0,5.0,0.0,E05
51656.0,35,55.9875,68.56798675192992,64.04210546693511,11.0,5.0,0.0,E05
59585.0,23,53.670753064798596,55.299653643943856,50.47535453553747,16.0,5.0,0.0,E05
42941.0,41,59.08263507656746,68.55162407798491,63.030530262453134,25.0,5.0,0.0,E05
37454.0,28,57.03651202749141,60.40649794771427,54.75324397928125,13.0,5.0,0.0,E05
42117.0,24,61.67726432532348,64.1133349379055,57.53650544910606,15.0,5.0,0.0,E05
74505.0,11,49.32794386821232,51.24214071516488,46.10568843789429,16.0,5.0,0.0,E05
39260.0,31,56.033589923023094,59.61988375362271,52.82781456953642,15.0,5.0,0.0,E05
63463.0,29,46.062809917355374,49.28858137727024,43.8181460063344,8.0,5.0,0.0,E05
48181.0,13,46.36865342163355,56.956161940219616,49.47649488387539,8.0,5.0,0.0,E05
54166.0,34,54.24026302478503,54.28664317629178,47.514492486061364,12.0,5.0,0.0,E05
42182.0,17,41.13217623497997,53.33775315239067,46.724100327153764,4.0,5.0,0.0,E05
35180.0,37,57.66878710771841,67.29278369344942,62.317140420693576,13.0,5.0,0.0,E05
40240.0,27,50.04241833252072,53.777599471254895,50.072042743538766,13.0,5.0,0.0,E05
43596.0,31,54.214285714285715,58.69315832104809,52.06683208123693,12.0,5.0,1.0,E05
35568.0,58,59.82823529411765,68.05047680962049,59.9620153513088,7.0,5.0,1.0,E05
50534.0,55,52.28228782287823,54.22279167194552,49.85955990026517,3.0,5.0,1.0,E05
24681.0,34,54.0,72.80901410137633,63.899255704233944,7.0,5.0,1.0,E05
57828.0,51,53.35857338820302,59.60658366212965,53.809002559313825,20.0,5.0,1.0,E05
43585.0,70,62.46220735785953,67.77382428631256,60.34612825513365,7.0,5.0,1.0,E05
33113.0,49,67.97337770382696,74.51323726122651,67.81070878506931,15.0,5.0,1.0,E05
22267.0,46,57.968586387434556,59.9485740750151,58.142542776305746,10.0,5.0,1.0,E05
28560.0,56,54.667844522968196,56.933378185227895,54.581862745098036,8.0,5.0,1.0,E05
54919.0,53,55.77251184834123,64.69330092830639,62.66558021813944,17.0,5.0,1.0,E05
15735.0,41,52.09148264984227,68.3087653831365,60.769367651731805,8.0,5.0,1.0,E05
17068.0,7,58.656227239621266,59.57605402336207,53.42658776658074,7.0,5.0,1.0,E05
28625.0,48,67.90332559938129,78.49968183744794,68.82868122270742,7.0,5.0,1.0,E05
31514.0,24,64.88695242581252,58.97466887900986,50.16186456812845,14.0,5.0,1.0,E05
31725.0,43,57.79696394686907,66.0326909521507,62.43066981875492,12.0,5.0,1.0,E05
22105.0,42,58.91461498166579,60.92857618888129,59.296656562457585,11.0,5.0,1.0,E05
23272.0,63,60.43107221006564,63.006478656984015,57.86827737414556,6.0,5.0,1.0,E05
38582.0,22,62.776914539400664,67.08512511270177,62.22502721476336,13.0,5.0,1.0,E05
66629.0,39,49.897773007781055,51.877704025492314,46.813939876029956,20.0,5.0,1.0,E05
20562.0,33,57.54853105243585,63.81616171167099,59.57791070907499,18.0,5.0,1.0,E05
16117.0,37,51.19017980636238,62.34581462158617,59.564626272659545,13.0,5.0,1.0,E05
18183.0,16,57.35173017958826,73.76936840504555,64.80129791563549,15.0,5.0,1.0,E05
51373.0,21,57.179111314704535,59.13383157902109,55.54875128958792,10.0,5.0,1.0,E05
20815.0,54,69.48109058927001,71.7476664140083,63.98890223396589,7.0,5.0,1.0,E05
35406.0,20,48.64228367528992,61.760097154003304,56.044443815774585,12.0,5.0,1.0,E05
23971.0,8,68.87643979057592,71.07453980460105,61.72189991235027,11.0,5.0,1.0,E05
25037.0,40,60.57396449704142,69.07175204942413,63.970643447697405,5.0,5.0,1.0,E05
13890.0,62,69.97435897435898,76.56592718684652,68.62634989200863,3.0,5.0,1.0,E05
49800.0,67,58.86657263751763,65.23290148039237,59.062496234561706,18.0,5.0,1.0,E05
67130.0,18,57.13938560293443,60.46744478393487,56.20856546998361,19.0,5.0,1.0,E05
32201.0,52,55.596698113207545,66.26810897248367,61.48998478308127,9.0,5.0,1.0,E05
29063.0,23,68.12079566003617,74.3398352243999,69.4807831263118,13.0,5.0,1.0,E05
25468.0,11,60.50199733688415,61.14049468115875,54.566856693532536,11.0,5.0,1.0,E05
24987.0,15,59.19378531073446,61.61866677641734,54.68803777964541,13.0,5.0,1.0,E05
33376.0,14,52.644959857270294,59.08855427274771,55.504066748701945,13.0,5.0,1.0,E05
27300.0,47,56.12709030100334,73.70282988098111,66.63772893772894,12.0,5.0,1.0,E05
28700.0,10,54.251286850725315,55.715743482165266,51.06052264808363,9.0,5.0,1.0,E05
38234.0,66,68.58723316912972,72.9623437486798,68.20816550714024,25.0,5.0,1.0,E05
44559.0,60,58.280971411005225,62.804213437100834,57.712659421591525,16.0,5.0,1.0,E05
29017.0,36,57.51486880466472,64.24596128906911,59.18234138608402,10.0,5.0,1.0,E05
15037.0,35,57.19788519637462,63.824191026328705,59.49823768038838,7.0,5.0,1.0,E05
21310.0,30,54.1492673992674,74.38097314123351,66.22787423744721,7.0,5.0,1.0,E05
36659.0,61,64.64269517330742,74.51692766369703,71.20537930658229,16.0,5.0,1.0,E05
49040.0,64,73.03340802607455,75.83142727431958,71.10057096247961,28.0,5.0,1.0,E05
57997.0,60,52.4125,52.855283463826396,44.7933168957015,4.0,5.0,2.0,E05
38382.0,56,55.36691312384473,61.968966417996306,57.00703473072614,7.0,5.0,2.0,E05
32223.0,29,64.21666029805121,69.10511821127018,63.600564813952765,14.0,5.0,2.0,E05
23208.0,50,58.24953703703704,63.09860089690197,60.08759910375733,20.0,5.0,2.0,E05
30023.0,21,54.265148978908606,67.11874159243439,59.8189055057789,18.0,5.0,2.0,E05
22871.0,11,59.03409090909091,72.99801488161157,67.88915694359154,10.0,5.0,2.0,E05
26687.0,44,50.16461836998706,58.117125017187234,53.55862404916251,27.0,5.0,2.0,E05
11609.0,13,43.73076923076923,50.6226686557745,45.474817645015634,4.0,5.0,2.0,E05
46791.0,74,69.2061099796334,64.67463901430646,59.877011420368106,14.0,5.0,2.0,E05
25569.0,43,52.74142724745134,67.4665691399798,62.207243145997104,6.0,5.0,2.0,E05
25021.0,28,59.985116279069764,68.32175946466076,63.06131095123901,6.0,5.0,2.0,E05
10164.0,41,61.79290894439968,66.46746348435254,65.40121999212909,24.0,5.0,2.0,E05
35824.0,42,53.137352941176474,58.63960665572988,54.4963144963145,20.0,5.0,2.0,E05
29122.0,31,56.103011093502374,69.07532240964446,61.41490969026852,14.0,5.0,2.0,E05
22279.0,46,43.96310788149805,52.598999500532244,50.395502289253976,38.0,5.0,2.0,E05
36224.0,49,46.79179331306991,54.325895449399994,49.63673255300353,3.0,5.0,2.0,E05
21148.0,34,56.49793103448276,69.32734270756086,61.78388347678048,4.0,5.0,2.0,E05
32611.0,64,50.077357425183514,61.12440265674708,50.90282420042317,8.0,5.0,2.0,E05
21701.0,14,51.06313775510204,73.14656068557973,66.0031797235023,9.0,5.0,2.0,E05
54248.0,51,59.21068624968346,61.96896145878284,58.35684264857691,19.0,5.0,2.0,E05
60667.0,55,55.40762073548959,59.51285284842832,54.47432706413701,22.0,5.0,2.0,E05
35285.0,15,64.01282416642918,69.47155373375534,63.69026925698705,21.0,5.0,2.0,E05
36673.0,35,63.91429465123554,66.78344411685694,59.440669177446644,17.0,5.0,2.0,E05
36474.0,22,56.76972366840208,67.44640816582024,60.81628008992707,13.0,5.0,2.0,E05
57132.0,19,61.58288888888889,63.97176983962773,60.17595837129441,24.0,5.0,2.0,E05
22556.0,33,58.866609294320135,71.88611104592958,66.48,6.0,5.0,2.0,E05
67954.0,48,53.095771670190274,57.279068139742364,52.02734202548783,25.0,5.0,2.0,E05
38865.0,58,45.07257203842049,61.69632963778008,53.622951241476905,6.0,5.0,2.0,E05
30272.0,18,63.58451612903226,73.11448202968556,66.95904843946724,14.0,5.0,2.0,E05
36885.0,36,56.891149542217704,63.75213586503813,60.337888030364645,6.0,5.0,2.0,E05
41722.0,63,53.50687022900763,62.21755448266796,57.042998897464166,7.0,5.0,2.0,E05
41266.0,52,48.97445109780439,49.4652357785067,47.49449910337808,35.0,5.0,2.0,E05
40321.0,40,59.405,68.73451610419752,59.2693234016139,3.0,5.0,2.0,E05
28258.0,45,56.67364016736402,59.913507178008686,52.849564725033616,7.0,5.0,3.0,E05
46278.0,65,55.949597628123676,59.83649344392883,53.6470893297031,11.0,5.0,3.0,E05
31288.0,26,56.76674937965261,63.50946948229365,58.27039120429558,5.0,5.0,3.0,E05
59217.0,53,53.76287051482059,57.10810763195487,52.99758515291217,20.0,5.0,3.0,E05
36670.0,13,67.75040042712226,69.31084333924339,64.14150531769839,22.0,5.0,3.0,E05
45100.0,61,47.98621190130624,49.552890747532025,43.508048780487805,7.0,5.0,3.0,E05
39604.0,55,50.104387291981844,58.518313107196384,52.6667171831982,13.0,5.0,3.0,E05
37283.0,11,59.562464346834,63.0745483047189,58.63487380307379,28.0,5.0,3.0,E05
28629.0,24,65.35135135135135,66.03933123988595,59.99105801809354,4.0,5.0,3.0,E05
33934.0,30,49.925305568130376,56.947605721262796,54.155625626215596,11.0,5.0,3.0,E05
37843.0,14,54.45954692556634,58.516187824651006,53.394471897048334,3.0,5.0,3.0,E05
24882.0,54,47.998908296943235,56.93751552221963,51.27366470635624,7.0,5.0,3.0,E05
45583.0,17,62.20279469724113,64.36761481673807,59.6265192400509,13.0,5.0,3.0,E05
22804.0,31,71.5615141955836,83.18394736786883,74.59448645796694,7.0,5.0,3.0,E05
32659.0,27,55.48555623847572,53.297851034675396,49.586388880365746,9.0,5.0,3.0,E05
39306.0,18,68.69832094687585,69.61716542432323,63.6854335819186,19.0,5.0,3.0,E05
34146.0,44,58.716245487364624,63.229148566854164,58.345721314356,8.0,5.0,3.0,E05
15493.0,51,64.97837150127226,70.43206240482023,65.9934809268702,4.0,5.0,3.0,E05
112806.0,62,57.71348399817989,60.303562218019096,54.43605836568977,29.0,5.0,3.0,E05
35178.0,21,52.15846681922197,57.30111100739271,53.313278362240546,8.0,5.0,3.0,E05
43091.0,20,52.92643171806167,57.409019229604056,53.042375438026504,12.0,5.0,3.0,E05
28621.0,34,52.09299655568312,54.64195761412814,49.60044822635431,10.0,5.0,3.0,E05
38460.0,23,61.266666666666666,58.690881351559185,53.10663026521061,10.0,5.0,3.0,E05
45462.0,36,50.227469358327326,50.7785968297027,48.059412256389955,14.0,5.0,3.0,E05
20078.0,40,69.66277890466532,69.1858601637044,62.07599541535855,14.0,5.0,3.0,E05
48348.0,63,43.78660436137071,57.16066623987647,49.96034996276992,3.0,5.0,3.0,E05
15324.0,33,77.42790697674418,73.20847689534295,68.87894805533803,5.0,5.0,3.0,E05
24103.0,50,48.2416,66.94311171640685,60.41438825042526,5.0,5.0,3.0,E05
36132.0,57,56.3383755343637,63.033279379931464,57.41610030791423,17.0,5.0,3.0,E05
50468.0,64,48.33816425120773,45.465028062993824,40.089482444321156,10.0,5.0,3.0,E05
38901.0,38,55.97929606625259,63.89632691712631,60.02490938536285,12.0,5.0,3.0,E05
11236.0,49,48.86448598130841,70.4881025545834,65.79335826210826,3.0,5.0,3.0,E05
54576.0,43,49.15176470588235,56.925510347989274,53.15979551451187,8.0,5.0,3.0,E05
31639.0,19,55.936410256410255,60.74375905176519,55.48695486573986,16.0,5.0,3.0,E05
21500.0,46,59.39080459770115,59.88888233788279,57.38925581395349,3.0,5.0,3.0,E05
32761.0,15,55.059434300035804,54.21885135607382,50.842434602118374,15.0,5.0,3.0,E05
37731.0,59,56.530394121576485,58.88012575531755,53.77869656250828,8.0,5.0,3.0,E05
46091.0,10,46.474608448030374,49.667770359170596,46.764248985702196,12.0,5.0,3.0,E05
37031.0,22,59.13145539906103,67.02695494760346,62.79717645783655,7.0,5.0,3.0,E05
63391.0,52,65.80445722501797,66.52125891393982,61.757471518288256,46.0,5.0,3.0,E05
28413.0,41,63.317794710891974,72.97319292962909,67.53718368352514,13.0,5.0,4.0,E05
42606.0,12,66.08608058608058,57.03852385099451,52.32042435337746,3.0,5.0,4.0,E05
26689.0,11,63.93153638814016,62.809337097965006,55.3389036681779,10.0,5.0,4.0,E05
33321.0,62,62.0188457008245,70.35978221666852,62.739495798319325,8.0,5.0,4.0,E05
48810.0,65,61.21735700197239,64.65802313510417,60.70319606637984,15.0,5.0,4.0,E05
32840.0,23,59.367695338148394,68.94834314330619,63.097015834348355,16.0,5.0,4.0,E05
48484.0,18,60.80904708935854,66.35865269998831,60.84500041250722,15.0,5.0,4.0,E05
32776.0,40,63.15144157814871,73.10326430651172,69.23075279973148,20.0,5.0,4.0,E05
34097.0,50,60.84844192634561,64.91337219877747,59.70575123911195,4.0,5.0,4.0,E05
20579.0,47,68.03870967741935,68.89407846718706,62.15938578162204,4.0,5.0,4.0,E05
47541.0,38,56.310793784124314,64.13341763417274,61.2326394005094,14.0,5.0,4.0,E05
47848.0,53,60.80085348506401,62.4263414361491,58.0387268015382,15.0,5.0,4.0,E05
29938.0,14,58.75867837724801,58.68944590262917,55.07084641592625,16.0,5.0,4.0,E05
37381.0,34,61.53386853988961,65.86813930079724,61.50948342740965,12.0,5.0,4.0,E05
30031.0,28,54.258360054970225,67.20920437434663,60.77473277613133,12.0,5.0,4.0,E05
39279.0,51,63.468882875918055,73.11395707125195,65.61445322457303,14.0,5.0,4.0,E05
35614.0,57,47.63341067285383,57.872438509266146,55.95776941652159,3.0,5.0,4.0,E05
65157.0,44,53.94161849710983,62.614080184942,58.7652899918658,16.0,5.0,4.0,E05
48831.0,58,65.9172602739726,71.44145439784005,64.72598528477445,19.0,5.0,4.0,E05
35359.0,64,60.885460693153,61.750357926238934,59.1211855538901,15.0,5.0,4.0,E05
31284.0,36,66.08053983456682,69.09540113231657,64.7706814985296,13.0,5.0,4.0,E05
48583.0,20,63.07136083451873,66.56740045438556,62.79957593099615,25.0,5.0,4.0,E05
52612.0,25,63.784622302158276,66.23055304941096,60.11782483083707,20.0,5.0,4.0,E05
36363.0,39,66.79100318471338,67.19228076806411,61.54327200726013,14.0,5.0,4.0,E05
48575.0,31,63.151708312085674,68.94666012869857,65.79658260422028,19.0,5.0,4.0,E05
48825.0,35,63.46810484806309,66.14492781631392,61.38322580645161,23.0,5.0,4.0,E05
36035.0,30,49.50967007963595,60.834668507360774,57.02791730262245,5.0,5.0,4.0,E05
35216.0,45,52.75165198237885,54.98744907348159,53.689658109950024,8.0,5.0,4.0,E05
22993.0,6,60.40824261275272,64.57984087736156,59.549915176823696,7.0,5.0,4.0,E05
33457.0,27,50.81492881877645,63.342050648577825,59.43285411124727,15.0,5.0,4.0,E05
35530.0,22,62.34422403733956,70.58954973926998,63.63940332113707,10.0,5.0,4.0,E05
38417.0,52,65.86257710760795,67.42377501666944,63.05927063539579,16.0,5.0,4.0,E05
45215.0,8,57.20628272251309,55.60810940703112,53.2744443215747,20.0,5.0,4.0,E05
50361.0,17,53.81513366560942,58.43796636210848,55.894137519872814,10.0,5.0,4.0,E05
10418.0,10,66.97463284379172,86.23939891190899,76.06577052328373,5.0,5.0,4.0,E05
40745.0,19,49.51653261840929,54.46970872017563,50.75079150816051,12.0,5.0,4.0,E05
44526.0,24,59.00052273915316,62.07304030429346,58.70623905134079,17.0,5.0,4.0,E05
51964.0,15,43.90165631469979,58.41661568589104,54.95230389890584,4.0,5.0,4.0,E05
35168.0,43,55.46342637151107,72.19008750748199,67.24706217100584,12.0,5.0,4.0,E05
51537.0,32,46.09248788368336,56.9918240675023,50.81291111240468,12.0,5.0,5.0,E05
24057.0,45,52.40457343887423,73.56143408416686,65.6943000873072,7.0,5.0,5.0,E05
37978.0,55,54.48974569319114,57.08341191678099,53.195244615303594,13.0,5.0,5.0,E05
56925.0,43,50.020971688220904,54.27432321838987,48.763407992973214,15.0,5.0,5.0,E05
45037.0,46,61.48572345203721,63.65433264687123,58.23456269289695,16.0,5.0,5.0,E05
38220.0,49,52.82259054634745,62.66800346355508,56.942203035060174,9.0,5.0,5.0,E05
61326.0,27,47.64329179947841,47.52846210359683,43.50096207155203,18.0,5.0,5.0,E05
15734.0,15,62.112666200139955,72.2044147214097,67.94094011097647,9.0,5.0,5.0,E05
72179.0,38,53.1974066621954,54.93874562823533,49.77849513016251,20.0,5.0,5.0,E05
15363.0,17,66.10114503816794,69.68636203217324,66.03593048232767,6.0,5.0,5.0,E05
19837.0,13,60.9437908496732,64.7308206671676,60.974185741655745,13.0,5.0,5.0,E05
52704.0,39,53.063626492942454,53.11787489810458,48.80902777777778,22.0,5.0,5.0,E05
67277.0,28,69.77108626198083,67.5818763535679,63.551823059886736,37.0,5.0,5.0,E05
37112.0,42,50.39418663946966,56.94951303877744,54.13529316663074,10.0,5.0,5.0,E05
16272.0,9,57.88860270444302,67.52701432896036,64.06246157629411,9.0,5.0,5.0,E05
57813.0,18,57.61370056497175,55.98604807910633,50.1760157749987,17.0,5.0,5.0,E05
80445.0,20,63.614896073903004,61.02407371962187,52.373472558891166,18.0,5.0,5.0,E05
61473.0,26,51.980678995307755,58.33040337395632,53.063670229206316,19.0,5.0,5.0,E05
34811.0,51,52.963185922667286,57.727030164994076,55.105282812903965,28.0,5.0,5.0,E05
15371.0,52,38.02448979591837,55.357509508789505,54.06350445702388,33.0,5.0,5.0,E05
39641.0,33,60.941389728096674,70.65842555930293,64.04094245856562,10.0,5.0,5.0,E05
35030.0,44,60.77305428384565,56.80995287270674,49.23608335712247,11.0,5.0,5.0,E05
33833.0,36,62.22081352350766,65.84602458500625,61.13256288239293,11.0,5.0,5.0,E05
33291.0,50,64.7979094076655,67.31400216357063,62.79994593133279,13.0,5.0,5.0,E05
25684.0,16,58.98613518197573,62.39969305221933,60.066617349322534,9.0,5.0,5.0,E05
44498.0,35,44.19020715630885,56.516126657685135,53.01854015910828,5.0,5.0,5.0,E05
46284.0,11,66.19907228449942,63.65521230962734,54.74325900959295,33.0,5.0,5.0,E05
