Area_of_Cytoplasm,Label,Number_of_pbodies_cytoplasm,Number_of_pbodies_in_Nucleus,Number_of_pbodies_unshrunken_Nucleus,Number_of_pbodies_unshrunken_cytoplasm,SiteX,SiteY,Well
54289.0,27,17.0,0.0,0.0,17.0,0.0,0.0,C14
57163.0,28,13.0,1.0,1.0,13.0,0.0,0.0,C14
96966.0,14,21.0,1.0,1.0,21.0,0.0,0.0,C14
81982.0,35,10.0,0.0,0.0,10.0,0.0,0.0,C14
53229.0,9,11.0,0.0,0.0,11.0,0.0,0.0,C14
48701.0,12,10.0,1.0,1.0,10.0,0.0,0.0,C14
39019.0,31,8.0,1.0,1.0,8.0,0.0,0.0,C14
45829.0,32,5.0,0.0,0.0,5.0,0.0,0.0,C14
48002.0,15,7.0,1.0,3.0,5.0,0.0,0.0,C14
104304.0,13,17.0,0.0,1.0,16.0,0.0,0.0,C14
14908.0,21,0.0,0.0,0.0,0.0,0.0,0.0,C14
16513.0,11,0.0,0.0,0.0,0.0,0.0,0.0,C14
60571.0,36,7.0,0.0,0.0,7.0,0.0,0.0,C14
24925.0,10,5.0,0.0,0.0,5.0,0.0,0.0,C14
34531.0,33,5.0,0.0,0.0,5.0,0.0,0.0,C14
38860.0,17,16.0,3.0,4.0,15.0,0.0,0.0,C14
68688.0,8,17.0,0.0,0.0,17.0,0.0,0.0,C14
98406.0,19,24.0,0.0,1.0,23.0,0.0,0.0,C14
48207.0,20,14.0,0.0,2.0,12.0,0.0,0.0,C14
44294.0,37,12.0,1.0,2.0,11.0,0.0,0.0,C14
81250.0,29,6.0,0.0,0.0,6.0,0.0,0.0,C14
77582.0,24,16.0,2.0,2.0,16.0,0.0,0.0,C14
46258.0,22,10.0,1.0,2.0,9.0,0.0,1.0,C14
39103.0,35,10.0,0.0,1.0,9.0,0.0,1.0,C14
44628.0,28,13.0,0.0,1.0,12.0,0.0,1.0,C14
45329.0,6,11.0,0.0,0.0,11.0,0.0,1.0,C14
74728.0,19,21.0,0.0,1.0,20.0,0.0,1.0,C14
43297.0,17,12.0,0.0,1.0,11.0,0.0,1.0,C14
38330.0,13,15.0,3.0,5.0,13.0,0.0,1.0,C14
35476.0,16,10.0,0.0,0.0,10.0,0.0,1.0,C14
17416.0,25,3.0,0.0,0.0,3.0,0.0,1.0,C14
35809.0,7,2.0,0.0,0.0,2.0,0.0,1.0,C14
58157.0,9,13.0,2.0,4.0,11.0,0.0,1.0,C14
83219.0,12,20.0,3.0,7.0,16.0,0.0,1.0,C14
54967.0,30,24.0,0.0,0.0,24.0,0.0,1.0,C14
27379.0,21,10.0,0.0,0.0,10.0,0.0,1.0,C14
34505.0,29,7.0,2.0,3.0,6.0,0.0,1.0,C14
41366.0,36,10.0,1.0,2.0,9.0,0.0,1.0,C14
19950.0,24,10.0,2.0,3.0,9.0,0.0,1.0,C14
19346.0,27,3.0,1.0,1.0,3.0,0.0,1.0,C14
46686.0,32,12.0,2.0,2.0,12.0,0.0,1.0,C14
59260.0,33,15.0,0.0,0.0,15.0,0.0,1.0,C14
46753.0,8,9.0,1.0,1.0,9.0,0.0,1.0,C14
38910.0,14,16.0,0.0,3.0,13.0,0.0,1.0,C14
29100.0,26,11.0,0.0,1.0,10.0,0.0,1.0,C14
54129.0,17,6.0,0.0,0.0,6.0,0.0,2.0,C14
35838.0,25,9.0,0.0,0.0,9.0,0.0,2.0,C14
54791.0,20,6.0,1.0,1.0,6.0,0.0,2.0,C14
35569.0,28,1.0,0.0,0.0,1.0,0.0,2.0,C14
57509.0,21,11.0,0.0,0.0,11.0,0.0,2.0,C14
33218.0,23,3.0,0.0,0.0,3.0,0.0,2.0,C14
42739.0,15,8.0,0.0,1.0,7.0,0.0,2.0,C14
65693.0,29,14.0,1.0,1.0,14.0,0.0,2.0,C14
50706.0,26,14.0,1.0,4.0,11.0,0.0,2.0,C14
27443.0,32,9.0,0.0,1.0,8.0,0.0,2.0,C14
43928.0,12,12.0,0.0,0.0,12.0,0.0,2.0,C14
73901.0,19,10.0,0.0,0.0,10.0,0.0,2.0,C14
46377.0,11,5.0,0.0,1.0,4.0,0.0,2.0,C14
72001.0,24,20.0,1.0,1.0,20.0,0.0,2.0,C14
42115.0,18,9.0,0.0,0.0,9.0,0.0,2.0,C14
30193.0,34,3.0,1.0,1.0,3.0,0.0,2.0,C14
61235.0,9,23.0,0.0,0.0,23.0,0.0,2.0,C14
72249.0,10,23.0,1.0,1.0,23.0,0.0,2.0,C14
77146.0,22,15.0,1.0,1.0,15.0,0.0,2.0,C14
44541.0,30,4.0,0.0,0.0,4.0,0.0,2.0,C14
19990.0,12,9.0,0.0,2.0,7.0,0.0,3.0,C14
26269.0,42,5.0,1.0,1.0,5.0,0.0,3.0,C14
30373.0,53,7.0,1.0,1.0,7.0,0.0,3.0,C14
16778.0,28,10.0,3.0,3.0,10.0,0.0,3.0,C14
31359.0,49,3.0,1.0,1.0,3.0,0.0,3.0,C14
50939.0,25,14.0,0.0,0.0,14.0,0.0,3.0,C14
42514.0,9,10.0,1.0,1.0,10.0,0.0,3.0,C14
48407.0,21,18.0,0.0,0.0,18.0,0.0,3.0,C14
89846.0,17,20.0,0.0,1.0,19.0,0.0,3.0,C14
45806.0,39,16.0,2.0,2.0,16.0,0.0,3.0,C14
14684.0,41,7.0,0.0,0.0,7.0,0.0,3.0,C14
58930.0,13,12.0,0.0,1.0,11.0,0.0,3.0,C14
45748.0,32,11.0,0.0,0.0,11.0,0.0,3.0,C14
43746.0,8,3.0,0.0,0.0,3.0,0.0,3.0,C14
47073.0,36,10.0,1.0,1.0,10.0,0.0,3.0,C14
35023.0,54,5.0,2.0,4.0,3.0,0.0,3.0,C14
53530.0,48,5.0,0.0,0.0,5.0,0.0,3.0,C14
37163.0,56,10.0,0.0,0.0,10.0,0.0,3.0,C14
33586.0,33,16.0,5.0,7.0,14.0,0.0,3.0,C14
40808.0,30,12.0,0.0,0.0,12.0,0.0,3.0,C14
54245.0,51,11.0,0.0,0.0,11.0,0.0,3.0,C14
53211.0,26,26.0,3.0,4.0,25.0,0.0,3.0,C14
45323.0,27,13.0,0.0,1.0,12.0,0.0,3.0,C14
49723.0,40,12.0,0.0,0.0,12.0,0.0,3.0,C14
28933.0,47,8.0,0.0,0.0,8.0,0.0,3.0,C14
30620.0,11,13.0,0.0,1.0,12.0,0.0,3.0,C14
42108.0,35,9.0,0.0,0.0,9.0,0.0,3.0,C14
56292.0,23,12.0,1.0,2.0,11.0,0.0,3.0,C14
32377.0,19,12.0,2.0,4.0,10.0,0.0,3.0,C14
39629.0,43,9.0,0.0,0.0,9.0,0.0,3.0,C14
41311.0,22,13.0,0.0,0.0,13.0,0.0,3.0,C14
49679.0,16,12.0,0.0,0.0,12.0,0.0,3.0,C14
32842.0,14,10.0,0.0,0.0,10.0,0.0,3.0,C14
29626.0,52,7.0,0.0,0.0,7.0,0.0,3.0,C14
20672.0,37,7.0,1.0,1.0,7.0,0.0,3.0,C14
42565.0,15,11.0,2.0,2.0,11.0,0.0,3.0,C14
23537.0,54,6.0,0.0,0.0,6.0,0.0,4.0,C14
20755.0,17,7.0,0.0,1.0,6.0,0.0,4.0,C14
49918.0,9,15.0,0.0,0.0,15.0,0.0,4.0,C14
26608.0,13,6.0,3.0,4.0,5.0,0.0,4.0,C14
55527.0,16,15.0,0.0,1.0,14.0,0.0,4.0,C14
43421.0,38,11.0,0.0,0.0,11.0,0.0,4.0,C14
17854.0,43,10.0,8.0,9.0,9.0,0.0,4.0,C14
61052.0,30,16.0,0.0,0.0,16.0,0.0,4.0,C14
48718.0,60,3.0,0.0,0.0,3.0,0.0,4.0,C14
56035.0,32,26.0,0.0,0.0,26.0,0.0,4.0,C14
33621.0,28,5.0,2.0,2.0,5.0,0.0,4.0,C14
37164.0,56,2.0,0.0,0.0,2.0,0.0,4.0,C14
53146.0,39,16.0,1.0,1.0,16.0,0.0,4.0,C14
24754.0,41,11.0,0.0,2.0,9.0,0.0,4.0,C14
32698.0,25,8.0,0.0,0.0,8.0,0.0,4.0,C14
47149.0,58,4.0,0.0,0.0,4.0,0.0,4.0,C14
49042.0,49,11.0,3.0,3.0,11.0,0.0,4.0,C14
66261.0,44,10.0,0.0,0.0,10.0,0.0,4.0,C14
27105.0,12,8.0,1.0,2.0,7.0,0.0,4.0,C14
66409.0,22,20.0,0.0,1.0,19.0,0.0,4.0,C14
26305.0,15,6.0,0.0,0.0,6.0,0.0,4.0,C14
32861.0,45,11.0,0.0,2.0,9.0,0.0,4.0,C14
26118.0,51,3.0,1.0,1.0,3.0,0.0,4.0,C14
41443.0,46,8.0,0.0,0.0,8.0,0.0,4.0,C14
41851.0,10,12.0,0.0,0.0,12.0,0.0,4.0,C14
45967.0,57,4.0,0.0,0.0,4.0,0.0,4.0,C14
61783.0,11,16.0,0.0,0.0,16.0,0.0,4.0,C14
32378.0,36,10.0,2.0,2.0,10.0,0.0,4.0,C14
33772.0,42,10.0,0.0,0.0,10.0,0.0,4.0,C14
72504.0,14,25.0,0.0,0.0,25.0,0.0,4.0,C14
33429.0,37,7.0,0.0,2.0,5.0,0.0,4.0,C14
40582.0,53,17.0,0.0,0.0,17.0,0.0,4.0,C14
30092.0,48,9.0,1.0,1.0,9.0,0.0,4.0,C14
27995.0,20,7.0,0.0,0.0,7.0,0.0,4.0,C14
59635.0,31,15.0,1.0,1.0,15.0,0.0,5.0,C14
59598.0,27,25.0,0.0,0.0,25.0,0.0,5.0,C14
65746.0,43,16.0,1.0,2.0,15.0,0.0,5.0,C14
36392.0,33,10.0,0.0,0.0,10.0,0.0,5.0,C14
81416.0,8,18.0,0.0,0.0,18.0,0.0,5.0,C14
45101.0,20,10.0,2.0,2.0,10.0,0.0,5.0,C14
56454.0,17,13.0,0.0,0.0,13.0,0.0,5.0,C14
29283.0,34,5.0,0.0,0.0,5.0,0.0,5.0,C14
74205.0,11,18.0,0.0,2.0,16.0,0.0,5.0,C14
63041.0,30,33.0,1.0,2.0,32.0,0.0,5.0,C14
54519.0,28,11.0,0.0,0.0,11.0,0.0,5.0,C14
77181.0,9,28.0,0.0,0.0,28.0,0.0,5.0,C14
55349.0,29,13.0,0.0,1.0,12.0,0.0,5.0,C14
55434.0,40,7.0,0.0,0.0,7.0,0.0,5.0,C14
47272.0,37,10.0,0.0,0.0,10.0,0.0,5.0,C14
51936.0,26,17.0,0.0,0.0,17.0,0.0,5.0,C14
59754.0,42,25.0,0.0,1.0,24.0,0.0,5.0,C14
59619.0,39,7.0,1.0,1.0,7.0,0.0,5.0,C14
62460.0,19,19.0,0.0,0.0,19.0,0.0,5.0,C14
78575.0,15,25.0,0.0,0.0,25.0,0.0,5.0,C14
36825.0,35,3.0,0.0,0.0,3.0,0.0,5.0,C14
39814.0,38,6.0,0.0,0.0,6.0,0.0,5.0,C14
94934.0,10,21.0,0.0,0.0,21.0,0.0,5.0,C14
49976.0,44,10.0,0.0,0.0,10.0,0.0,5.0,C14
41838.0,22,14.0,1.0,2.0,13.0,0.0,5.0,C14
56904.0,12,14.0,0.0,0.0,14.0,0.0,5.0,C14
57122.0,43,16.0,0.0,0.0,16.0,1.0,0.0,C14
57755.0,31,11.0,0.0,0.0,11.0,1.0,0.0,C14
59728.0,26,16.0,0.0,1.0,15.0,1.0,0.0,C14
41110.0,10,7.0,0.0,0.0,7.0,1.0,0.0,C14
70644.0,44,23.0,1.0,2.0,22.0,1.0,0.0,C14
31578.0,32,10.0,0.0,0.0,10.0,1.0,0.0,C14
38843.0,5,14.0,2.0,2.0,14.0,1.0,0.0,C14
48752.0,13,11.0,0.0,0.0,11.0,1.0,0.0,C14
69178.0,28,8.0,0.0,0.0,8.0,1.0,0.0,C14
44020.0,20,5.0,0.0,0.0,5.0,1.0,0.0,C14
45202.0,50,3.0,0.0,0.0,3.0,1.0,0.0,C14
74879.0,16,27.0,0.0,0.0,27.0,1.0,0.0,C14
17399.0,9,3.0,0.0,0.0,3.0,1.0,0.0,C14
44820.0,33,9.0,0.0,0.0,9.0,1.0,0.0,C14
43262.0,46,20.0,0.0,0.0,20.0,1.0,0.0,C14
50250.0,48,7.0,0.0,0.0,7.0,1.0,0.0,C14
34241.0,38,8.0,0.0,0.0,8.0,1.0,0.0,C14
72600.0,30,19.0,4.0,5.0,18.0,1.0,0.0,C14
57056.0,8,15.0,1.0,1.0,15.0,1.0,0.0,C14
60974.0,24,13.0,0.0,0.0,13.0,1.0,0.0,C14
47472.0,45,2.0,0.0,0.0,2.0,1.0,0.0,C14
45029.0,21,13.0,0.0,0.0,13.0,1.0,0.0,C14
51855.0,42,17.0,0.0,1.0,16.0,1.0,0.0,C14
25231.0,22,4.0,2.0,2.0,4.0,1.0,0.0,C14
69577.0,49,15.0,1.0,1.0,15.0,1.0,0.0,C14
27300.0,6,3.0,0.0,0.0,3.0,1.0,0.0,C14
53388.0,12,21.0,0.0,0.0,21.0,1.0,0.0,C14
107235.0,8,6.0,1.0,1.0,6.0,1.0,1.0,C14
54365.0,9,25.0,2.0,3.0,24.0,1.0,1.0,C14
36928.0,14,16.0,2.0,3.0,15.0,1.0,1.0,C14
81191.0,19,28.0,0.0,0.0,28.0,1.0,1.0,C14
69649.0,11,14.0,0.0,2.0,12.0,1.0,1.0,C14
126217.0,12,11.0,0.0,1.0,10.0,1.0,1.0,C14
88022.0,21,12.0,0.0,0.0,12.0,1.0,1.0,C14
59597.0,15,8.0,0.0,0.0,8.0,1.0,1.0,C14
89794.0,18,19.0,0.0,1.0,18.0,1.0,1.0,C14
55349.0,5,19.0,1.0,2.0,18.0,1.0,1.0,C14
99832.0,23,15.0,0.0,0.0,15.0,1.0,1.0,C14
54867.0,34,12.0,1.0,1.0,12.0,1.0,2.0,C14
48208.0,9,14.0,0.0,0.0,14.0,1.0,2.0,C14
55908.0,18,19.0,0.0,0.0,19.0,1.0,2.0,C14
98246.0,6,25.0,1.0,1.0,25.0,1.0,2.0,C14
20634.0,16,2.0,0.0,0.0,2.0,1.0,2.0,C14
66660.0,32,21.0,1.0,1.0,21.0,1.0,2.0,C14
26591.0,17,4.0,0.0,0.0,4.0,1.0,2.0,C14
46751.0,20,7.0,0.0,0.0,7.0,1.0,2.0,C14
68705.0,27,9.0,0.0,0.0,9.0,1.0,2.0,C14
54958.0,30,19.0,0.0,1.0,18.0,1.0,2.0,C14
79238.0,7,26.0,1.0,2.0,25.0,1.0,2.0,C14
45487.0,26,4.0,0.0,0.0,4.0,1.0,2.0,C14
66637.0,14,23.0,0.0,0.0,23.0,1.0,2.0,C14
51796.0,35,8.0,0.0,1.0,7.0,1.0,2.0,C14
50161.0,22,17.0,1.0,1.0,17.0,1.0,2.0,C14
39526.0,28,16.0,2.0,2.0,16.0,1.0,2.0,C14
66274.0,19,40.0,2.0,2.0,40.0,1.0,2.0,C14
56185.0,36,25.0,1.0,1.0,25.0,1.0,2.0,C14
59618.0,10,16.0,0.0,0.0,16.0,1.0,2.0,C14
55094.0,15,14.0,1.0,1.0,14.0,1.0,2.0,C14
69949.0,37,36.0,1.0,1.0,36.0,1.0,2.0,C14
52334.0,14,24.0,0.0,1.0,23.0,1.0,3.0,C14
64268.0,8,28.0,0.0,1.0,27.0,1.0,3.0,C14
97392.0,10,22.0,0.0,0.0,22.0,1.0,3.0,C14
77680.0,6,22.0,0.0,0.0,22.0,1.0,3.0,C14
45223.0,18,13.0,0.0,1.0,12.0,1.0,3.0,C14
50095.0,15,18.0,0.0,1.0,17.0,1.0,3.0,C14
49032.0,13,17.0,1.0,1.0,17.0,1.0,3.0,C14
72800.0,3,13.0,0.0,1.0,12.0,1.0,3.0,C14
61986.0,4,13.0,0.0,0.0,13.0,1.0,3.0,C14
59810.0,20,16.0,0.0,0.0,16.0,1.0,3.0,C14
70397.0,17,18.0,0.0,1.0,17.0,1.0,3.0,C14
60695.0,7,14.0,0.0,0.0,14.0,1.0,3.0,C14
52080.0,9,12.0,1.0,1.0,12.0,1.0,3.0,C14
56262.0,12,9.0,0.0,0.0,9.0,1.0,3.0,C14
48226.0,19,23.0,0.0,0.0,23.0,1.0,3.0,C14
17233.0,41,9.0,4.0,5.0,8.0,1.0,4.0,C14
61370.0,36,10.0,0.0,0.0,10.0,1.0,4.0,C14
43743.0,24,14.0,1.0,1.0,14.0,1.0,4.0,C14
46270.0,32,5.0,0.0,0.0,5.0,1.0,4.0,C14
14738.0,42,2.0,0.0,0.0,2.0,1.0,4.0,C14
41887.0,55,5.0,0.0,0.0,5.0,1.0,4.0,C14
16736.0,8,5.0,0.0,1.0,4.0,1.0,4.0,C14
16538.0,16,5.0,2.0,3.0,4.0,1.0,4.0,C14
40475.0,17,13.0,0.0,0.0,13.0,1.0,4.0,C14
46668.0,43,19.0,0.0,0.0,19.0,1.0,4.0,C14
36763.0,51,9.0,0.0,0.0,9.0,1.0,4.0,C14
36248.0,7,10.0,0.0,0.0,10.0,1.0,4.0,C14
54113.0,34,13.0,0.0,0.0,13.0,1.0,4.0,C14
22164.0,52,7.0,4.0,6.0,5.0,1.0,4.0,C14
67254.0,49,22.0,0.0,0.0,22.0,1.0,4.0,C14
30956.0,54,9.0,3.0,4.0,8.0,1.0,4.0,C14
56164.0,26,10.0,0.0,0.0,10.0,1.0,4.0,C14
49666.0,40,17.0,0.0,1.0,16.0,1.0,4.0,C14
44581.0,18,8.0,0.0,0.0,8.0,1.0,4.0,C14
64197.0,48,12.0,0.0,0.0,12.0,1.0,4.0,C14
22282.0,22,5.0,0.0,1.0,4.0,1.0,4.0,C14
80172.0,31,20.0,1.0,1.0,20.0,1.0,4.0,C14
18589.0,10,5.0,0.0,0.0,5.0,1.0,4.0,C14
74184.0,35,15.0,0.0,0.0,15.0,1.0,4.0,C14
70706.0,27,28.0,0.0,1.0,27.0,1.0,4.0,C14
14923.0,47,2.0,0.0,0.0,2.0,1.0,4.0,C14
33459.0,20,9.0,0.0,0.0,9.0,1.0,4.0,C14
35363.0,12,13.0,1.0,2.0,12.0,1.0,4.0,C14
56274.0,37,12.0,1.0,1.0,12.0,1.0,4.0,C14
27355.0,9,11.0,0.0,0.0,11.0,1.0,4.0,C14
35026.0,39,13.0,0.0,1.0,12.0,1.0,4.0,C14
57603.0,25,15.0,0.0,0.0,15.0,1.0,4.0,C14
19163.0,21,6.0,0.0,1.0,5.0,1.0,4.0,C14
24966.0,44,7.0,3.0,5.0,5.0,1.0,4.0,C14
46208.0,46,11.0,0.0,0.0,11.0,1.0,5.0,C14
50411.0,7,13.0,1.0,2.0,12.0,1.0,5.0,C14
49310.0,34,10.0,0.0,0.0,10.0,1.0,5.0,C14
24840.0,20,11.0,0.0,1.0,10.0,1.0,5.0,C14
40849.0,17,14.0,1.0,1.0,14.0,1.0,5.0,C14
27499.0,18,4.0,0.0,1.0,3.0,1.0,5.0,C14
22773.0,41,11.0,0.0,1.0,10.0,1.0,5.0,C14
41723.0,56,4.0,0.0,0.0,4.0,1.0,5.0,C14
46616.0,54,6.0,0.0,0.0,6.0,1.0,5.0,C14
41390.0,13,13.0,0.0,0.0,13.0,1.0,5.0,C14
46051.0,11,6.0,3.0,3.0,6.0,1.0,5.0,C14
36690.0,22,7.0,0.0,0.0,7.0,1.0,5.0,C14
73421.0,55,6.0,0.0,0.0,6.0,1.0,5.0,C14
5538.0,52,1.0,0.0,0.0,1.0,1.0,5.0,C14
62974.0,33,10.0,2.0,2.0,10.0,1.0,5.0,C14
40017.0,43,10.0,0.0,0.0,10.0,1.0,5.0,C14
24288.0,12,8.0,1.0,3.0,6.0,1.0,5.0,C14
35923.0,58,6.0,0.0,0.0,6.0,1.0,5.0,C14
47720.0,27,8.0,0.0,0.0,8.0,1.0,5.0,C14
29766.0,36,7.0,3.0,3.0,7.0,1.0,5.0,C14
37542.0,37,3.0,1.0,2.0,2.0,1.0,5.0,C14
15382.0,9,3.0,0.0,0.0,3.0,1.0,5.0,C14
24465.0,51,3.0,0.0,0.0,3.0,1.0,5.0,C14
54131.0,21,18.0,2.0,2.0,18.0,1.0,5.0,C14
24344.0,44,7.0,1.0,3.0,5.0,1.0,5.0,C14
55216.0,59,6.0,0.0,0.0,6.0,1.0,5.0,C14
34784.0,28,6.0,0.0,0.0,6.0,1.0,5.0,C14
40264.0,32,7.0,0.0,0.0,7.0,1.0,5.0,C14
69071.0,40,12.0,0.0,0.0,12.0,1.0,5.0,C14
45894.0,6,19.0,1.0,2.0,18.0,1.0,5.0,C14
26616.0,15,3.0,0.0,0.0,3.0,1.0,5.0,C14
42350.0,25,5.0,0.0,0.0,5.0,1.0,5.0,C14
35498.0,53,5.0,0.0,0.0,5.0,1.0,5.0,C14
35758.0,35,6.0,2.0,2.0,6.0,1.0,5.0,C14
21212.0,8,5.0,0.0,0.0,5.0,1.0,5.0,C14
69900.0,45,5.0,0.0,0.0,5.0,1.0,5.0,C14
63529.0,50,13.0,0.0,0.0,13.0,1.0,5.0,C14
22965.0,19,13.0,1.0,2.0,12.0,1.0,5.0,C14
49295.0,17,12.0,0.0,0.0,12.0,2.0,0.0,C14
29248.0,16,3.0,0.0,1.0,2.0,2.0,0.0,C14
41707.0,25,8.0,1.0,2.0,7.0,2.0,0.0,C14
39475.0,22,14.0,1.0,1.0,14.0,2.0,0.0,C14
101894.0,28,23.0,0.0,2.0,21.0,2.0,0.0,C14
57948.0,12,14.0,0.0,0.0,14.0,2.0,0.0,C14
47744.0,13,19.0,1.0,2.0,18.0,2.0,0.0,C14
35728.0,18,13.0,3.0,3.0,13.0,2.0,0.0,C14
54918.0,19,17.0,0.0,0.0,17.0,2.0,0.0,C14
49643.0,7,5.0,1.0,2.0,4.0,2.0,0.0,C14
47739.0,26,12.0,0.0,1.0,11.0,2.0,0.0,C14
58381.0,21,8.0,0.0,0.0,8.0,2.0,0.0,C14
35108.0,5,3.0,1.0,1.0,3.0,2.0,0.0,C14
67417.0,10,15.0,0.0,0.0,15.0,2.0,0.0,C14
35743.0,27,14.0,1.0,1.0,14.0,2.0,0.0,C14
54910.0,20,9.0,0.0,0.0,9.0,2.0,0.0,C14
73295.0,11,13.0,0.0,0.0,13.0,2.0,0.0,C14
65793.0,9,15.0,0.0,1.0,14.0,2.0,0.0,C14
132779.0,17,16.0,0.0,0.0,16.0,2.0,1.0,C14
63030.0,8,11.0,0.0,0.0,11.0,2.0,1.0,C14
71453.0,15,11.0,0.0,0.0,11.0,2.0,1.0,C14
48421.0,5,5.0,1.0,1.0,5.0,2.0,1.0,C14
110764.0,11,14.0,0.0,0.0,14.0,2.0,1.0,C14
22248.0,6,6.0,0.0,0.0,6.0,2.0,1.0,C14
46461.0,3,12.0,0.0,0.0,12.0,2.0,1.0,C14
66395.0,4,14.0,1.0,2.0,13.0,2.0,1.0,C14
62765.0,9,13.0,0.0,0.0,13.0,2.0,1.0,C14
66230.0,19,8.0,0.0,0.0,8.0,2.0,1.0,C14
60438.0,2,13.0,0.0,0.0,13.0,2.0,1.0,C14
71307.0,18,13.0,1.0,1.0,13.0,2.0,1.0,C14
108231.0,14,20.0,1.0,1.0,20.0,2.0,1.0,C14
25707.0,7,4.0,0.0,0.0,4.0,2.0,1.0,C14
72307.0,20,43.0,2.0,3.0,42.0,2.0,2.0,C14
45980.0,26,11.0,0.0,0.0,11.0,2.0,2.0,C14
26390.0,27,8.0,0.0,1.0,7.0,2.0,2.0,C14
25274.0,34,8.0,0.0,0.0,8.0,2.0,2.0,C14
74466.0,12,4.0,0.0,0.0,4.0,2.0,2.0,C14
30973.0,33,4.0,0.0,1.0,3.0,2.0,2.0,C14
41291.0,36,5.0,0.0,0.0,5.0,2.0,2.0,C14
52853.0,13,8.0,0.0,0.0,8.0,2.0,2.0,C14
58411.0,19,16.0,0.0,0.0,16.0,2.0,2.0,C14
33347.0,38,8.0,0.0,1.0,7.0,2.0,2.0,C14
52259.0,29,9.0,0.0,1.0,8.0,2.0,2.0,C14
48528.0,22,5.0,0.0,0.0,5.0,2.0,2.0,C14
44684.0,21,3.0,0.0,0.0,3.0,2.0,2.0,C14
59352.0,17,16.0,0.0,0.0,16.0,2.0,2.0,C14
73671.0,30,26.0,0.0,0.0,26.0,2.0,2.0,C14
29089.0,31,5.0,0.0,1.0,4.0,2.0,2.0,C14
50206.0,28,11.0,0.0,0.0,11.0,2.0,2.0,C14
45781.0,35,16.0,0.0,1.0,15.0,2.0,2.0,C14
46008.0,23,10.0,0.0,0.0,10.0,2.0,2.0,C14
79350.0,14,32.0,1.0,2.0,31.0,2.0,2.0,C14
54539.0,7,7.0,0.0,0.0,7.0,2.0,2.0,C14
72729.0,5,9.0,0.0,0.0,9.0,2.0,2.0,C14
47773.0,16,10.0,0.0,0.0,10.0,2.0,2.0,C14
49491.0,26,5.0,2.0,4.0,3.0,2.0,3.0,C14
49357.0,12,20.0,1.0,1.0,20.0,2.0,3.0,C14
74389.0,27,27.0,1.0,1.0,27.0,2.0,3.0,C14
54860.0,37,15.0,0.0,0.0,15.0,2.0,3.0,C14
14670.0,16,1.0,4.0,4.0,1.0,2.0,3.0,C14
85728.0,21,24.0,0.0,2.0,22.0,2.0,3.0,C14
16518.0,11,1.0,0.0,0.0,1.0,2.0,3.0,C14
46654.0,25,5.0,1.0,2.0,4.0,2.0,3.0,C14
59104.0,40,14.0,0.0,0.0,14.0,2.0,3.0,C14
75436.0,38,10.0,0.0,0.0,10.0,2.0,3.0,C14
47610.0,29,10.0,0.0,0.0,10.0,2.0,3.0,C14
32213.0,35,10.0,2.0,3.0,9.0,2.0,3.0,C14
27615.0,20,1.0,0.0,0.0,1.0,2.0,3.0,C14
30002.0,18,8.0,0.0,0.0,8.0,2.0,3.0,C14
69599.0,15,26.0,1.0,1.0,26.0,2.0,3.0,C14
59213.0,43,11.0,0.0,0.0,11.0,2.0,3.0,C14
21635.0,10,11.0,0.0,0.0,11.0,2.0,3.0,C14
50717.0,31,14.0,0.0,0.0,14.0,2.0,3.0,C14
55170.0,39,11.0,0.0,0.0,11.0,2.0,3.0,C14
101253.0,34,11.0,0.0,0.0,11.0,2.0,3.0,C14
50285.0,14,14.0,0.0,0.0,14.0,2.0,3.0,C14
42927.0,33,6.0,0.0,0.0,6.0,2.0,3.0,C14
53763.0,36,9.0,0.0,0.0,9.0,2.0,3.0,C14
17969.0,36,1.0,0.0,0.0,1.0,2.0,4.0,C14
46149.0,37,5.0,4.0,5.0,4.0,2.0,4.0,C14
52032.0,28,35.0,3.0,5.0,33.0,2.0,4.0,C14
74455.0,34,12.0,0.0,0.0,12.0,2.0,4.0,C14
22864.0,51,15.0,3.0,5.0,13.0,2.0,4.0,C14
24823.0,43,11.0,0.0,0.0,11.0,2.0,4.0,C14
55762.0,29,24.0,1.0,3.0,22.0,2.0,4.0,C14
30884.0,19,4.0,0.0,1.0,3.0,2.0,4.0,C14
71964.0,15,10.0,0.0,0.0,10.0,2.0,4.0,C14
58886.0,25,14.0,0.0,0.0,14.0,2.0,4.0,C14
33913.0,40,7.0,0.0,1.0,6.0,2.0,4.0,C14
56525.0,13,14.0,0.0,0.0,14.0,2.0,4.0,C14
61252.0,22,20.0,1.0,1.0,20.0,2.0,4.0,C14
26610.0,16,6.0,2.0,2.0,6.0,2.0,4.0,C14
70485.0,23,22.0,1.0,2.0,21.0,2.0,4.0,C14
43981.0,10,15.0,1.0,1.0,15.0,2.0,4.0,C14
57416.0,21,23.0,4.0,5.0,22.0,2.0,4.0,C14
85044.0,7,20.0,0.0,1.0,19.0,2.0,4.0,C14
39748.0,42,7.0,0.0,0.0,7.0,2.0,4.0,C14
67597.0,33,18.0,1.0,1.0,18.0,2.0,4.0,C14
37665.0,17,7.0,1.0,1.0,7.0,2.0,4.0,C14
39101.0,9,11.0,0.0,0.0,11.0,2.0,4.0,C14
15717.0,39,0.0,1.0,1.0,0.0,2.0,4.0,C14
43048.0,47,16.0,1.0,1.0,16.0,2.0,4.0,C14
56690.0,27,20.0,1.0,1.0,20.0,2.0,4.0,C14
49209.0,46,16.0,6.0,7.0,15.0,2.0,4.0,C14
42659.0,24,14.0,0.0,0.0,14.0,2.0,4.0,C14
25049.0,45,4.0,1.0,1.0,4.0,2.0,4.0,C14
34649.0,12,15.0,0.0,0.0,15.0,2.0,4.0,C14
34799.0,18,5.0,0.0,0.0,5.0,2.0,4.0,C14
23244.0,48,10.0,0.0,0.0,10.0,2.0,4.0,C14
34404.0,41,5.0,0.0,0.0,5.0,2.0,4.0,C14
17814.0,49,17.0,6.0,8.0,15.0,2.0,4.0,C14
43881.0,6,17.0,2.0,2.0,17.0,2.0,4.0,C14
30641.0,55,14.0,0.0,0.0,14.0,2.0,5.0,C14
56653.0,12,10.0,0.0,1.0,9.0,2.0,5.0,C14
31921.0,50,17.0,0.0,1.0,16.0,2.0,5.0,C14
18063.0,27,7.0,5.0,6.0,6.0,2.0,5.0,C14
61793.0,7,19.0,0.0,1.0,18.0,2.0,5.0,C14
32980.0,56,9.0,1.0,3.0,7.0,2.0,5.0,C14
31604.0,63,18.0,0.0,0.0,18.0,2.0,5.0,C14
17983.0,45,8.0,1.0,2.0,7.0,2.0,5.0,C14
47191.0,36,4.0,0.0,0.0,4.0,2.0,5.0,C14
21750.0,26,8.0,4.0,5.0,7.0,2.0,5.0,C14
19755.0,24,12.0,2.0,4.0,10.0,2.0,5.0,C14
41548.0,44,15.0,1.0,1.0,15.0,2.0,5.0,C14
29946.0,51,7.0,0.0,0.0,7.0,2.0,5.0,C14
37133.0,41,7.0,2.0,4.0,5.0,2.0,5.0,C14
37213.0,42,4.0,0.0,1.0,3.0,2.0,5.0,C14
28314.0,16,7.0,0.0,0.0,7.0,2.0,5.0,C14
43069.0,58,15.0,1.0,1.0,15.0,2.0,5.0,C14
64234.0,22,6.0,0.0,0.0,6.0,2.0,5.0,C14
53016.0,20,18.0,0.0,1.0,17.0,2.0,5.0,C14
36957.0,57,14.0,0.0,2.0,12.0,2.0,5.0,C14
35624.0,65,5.0,0.0,0.0,5.0,2.0,5.0,C14
43454.0,61,13.0,0.0,1.0,12.0,2.0,5.0,C14
21611.0,64,12.0,0.0,1.0,11.0,2.0,5.0,C14
45076.0,21,10.0,0.0,0.0,10.0,2.0,5.0,C14
25434.0,52,5.0,1.0,1.0,5.0,2.0,5.0,C14
37777.0,60,7.0,0.0,0.0,7.0,2.0,5.0,C14
61125.0,35,4.0,0.0,0.0,4.0,2.0,5.0,C14
55888.0,40,13.0,0.0,0.0,13.0,2.0,5.0,C14
42214.0,38,10.0,0.0,0.0,10.0,2.0,5.0,C14
45897.0,15,12.0,0.0,1.0,11.0,2.0,5.0,C14
51420.0,30,8.0,0.0,0.0,8.0,2.0,5.0,C14
49549.0,29,11.0,0.0,1.0,10.0,2.0,5.0,C14
35967.0,33,11.0,0.0,1.0,10.0,2.0,5.0,C14
28336.0,31,7.0,0.0,0.0,7.0,2.0,5.0,C14
33933.0,47,6.0,0.0,0.0,6.0,2.0,5.0,C14
36499.0,46,10.0,0.0,0.0,10.0,2.0,5.0,C14
59442.0,19,13.0,0.0,0.0,13.0,2.0,5.0,C14
54673.0,10,18.0,0.0,0.0,18.0,2.0,5.0,C14
37793.0,49,17.0,1.0,1.0,17.0,2.0,5.0,C14
23850.0,66,13.0,3.0,7.0,9.0,2.0,5.0,C14
28393.0,59,16.0,1.0,1.0,16.0,2.0,5.0,C14
44608.0,34,6.0,1.0,1.0,6.0,2.0,5.0,C14
32655.0,6,7.0,0.0,1.0,6.0,2.0,5.0,C14
50571.0,17,21.0,0.0,0.0,21.0,2.0,5.0,C14
29434.0,13,3.0,0.0,0.0,3.0,2.0,5.0,C14
58960.0,32,10.0,0.0,1.0,9.0,2.0,5.0,C14
73796.0,19,12.0,0.0,0.0,12.0,3.0,0.0,C14
43942.0,27,14.0,0.0,1.0,13.0,3.0,0.0,C14
52616.0,11,5.0,0.0,0.0,5.0,3.0,0.0,C14
95775.0,9,11.0,0.0,0.0,11.0,3.0,0.0,C14
43947.0,24,9.0,0.0,1.0,8.0,3.0,0.0,C14
57544.0,6,10.0,0.0,0.0,10.0,3.0,0.0,C14
62690.0,20,14.0,0.0,0.0,14.0,3.0,0.0,C14
51696.0,7,12.0,3.0,3.0,12.0,3.0,0.0,C14
73612.0,29,10.0,0.0,0.0,10.0,3.0,0.0,C14
40677.0,5,0.0,0.0,0.0,0.0,3.0,0.0,C14
48182.0,25,8.0,0.0,0.0,8.0,3.0,0.0,C14
27419.0,17,4.0,0.0,0.0,4.0,3.0,0.0,C14
63649.0,22,14.0,0.0,1.0,13.0,3.0,0.0,C14
36778.0,15,3.0,1.0,1.0,3.0,3.0,0.0,C14
40997.0,14,5.0,2.0,2.0,5.0,3.0,0.0,C14
49616.0,10,13.0,1.0,1.0,13.0,3.0,0.0,C14
31948.0,18,6.0,2.0,3.0,5.0,3.0,0.0,C14
53385.0,28,10.0,0.0,0.0,10.0,3.0,0.0,C14
68808.0,22,22.0,0.0,0.0,22.0,3.0,1.0,C14
65802.0,18,13.0,0.0,1.0,12.0,3.0,1.0,C14
42771.0,5,10.0,0.0,0.0,10.0,3.0,1.0,C14
75450.0,17,24.0,1.0,2.0,23.0,3.0,1.0,C14
43532.0,7,13.0,1.0,1.0,13.0,3.0,1.0,C14
44088.0,6,6.0,0.0,0.0,6.0,3.0,1.0,C14
50444.0,13,8.0,1.0,1.0,8.0,3.0,1.0,C14
105458.0,11,21.0,1.0,1.0,21.0,3.0,1.0,C14
68937.0,12,27.0,0.0,0.0,27.0,3.0,1.0,C14
81114.0,20,12.0,0.0,1.0,11.0,3.0,1.0,C14
66620.0,14,12.0,0.0,0.0,12.0,3.0,1.0,C14
52798.0,10,13.0,1.0,1.0,13.0,3.0,1.0,C14
57672.0,47,26.0,1.0,1.0,26.0,3.0,2.0,C14
70092.0,43,13.0,0.0,2.0,11.0,3.0,2.0,C14
44216.0,17,18.0,0.0,1.0,17.0,3.0,2.0,C14
75762.0,40,16.0,0.0,0.0,16.0,3.0,2.0,C14
55482.0,27,13.0,0.0,0.0,13.0,3.0,2.0,C14
49475.0,13,2.0,0.0,0.0,2.0,3.0,2.0,C14
49550.0,23,15.0,0.0,0.0,15.0,3.0,2.0,C14
34980.0,26,9.0,3.0,5.0,7.0,3.0,2.0,C14
63808.0,46,15.0,0.0,0.0,15.0,3.0,2.0,C14
66736.0,38,12.0,0.0,1.0,11.0,3.0,2.0,C14
50446.0,25,3.0,0.0,0.0,3.0,3.0,2.0,C14
38177.0,49,15.0,1.0,1.0,15.0,3.0,2.0,C14
58574.0,14,13.0,2.0,2.0,13.0,3.0,2.0,C14
65791.0,29,19.0,0.0,0.0,19.0,3.0,2.0,C14
41168.0,37,20.0,0.0,1.0,19.0,3.0,2.0,C14
55634.0,45,25.0,1.0,1.0,25.0,3.0,2.0,C14
32408.0,19,10.0,2.0,3.0,9.0,3.0,2.0,C14
78649.0,34,18.0,0.0,1.0,17.0,3.0,2.0,C14
50776.0,42,12.0,0.0,0.0,12.0,3.0,2.0,C14
53917.0,20,11.0,0.0,0.0,11.0,3.0,2.0,C14
91405.0,9,16.0,0.0,0.0,16.0,3.0,2.0,C14
77210.0,39,14.0,0.0,0.0,14.0,3.0,2.0,C14
60463.0,48,16.0,0.0,0.0,16.0,3.0,2.0,C14
34988.0,32,0.0,0.0,0.0,0.0,3.0,2.0,C14
54466.0,11,21.0,1.0,2.0,20.0,3.0,2.0,C14
63917.0,22,16.0,0.0,0.0,16.0,3.0,2.0,C14
70494.0,15,21.0,0.0,1.0,20.0,3.0,2.0,C14
61674.0,33,17.0,0.0,0.0,17.0,3.0,2.0,C14
50783.0,30,33.0,0.0,3.0,30.0,3.0,2.0,C14
45272.0,41,11.0,0.0,0.0,11.0,3.0,3.0,C14
50142.0,11,24.0,1.0,2.0,23.0,3.0,3.0,C14
25685.0,7,3.0,1.0,2.0,2.0,3.0,3.0,C14
49737.0,17,6.0,0.0,0.0,6.0,3.0,3.0,C14
26609.0,35,9.0,0.0,0.0,9.0,3.0,3.0,C14
63432.0,16,9.0,0.0,0.0,9.0,3.0,3.0,C14
125407.0,13,36.0,1.0,1.0,36.0,3.0,3.0,C14
30221.0,37,11.0,0.0,0.0,11.0,3.0,3.0,C14
31125.0,10,14.0,2.0,2.0,14.0,3.0,3.0,C14
26451.0,38,8.0,0.0,0.0,8.0,3.0,3.0,C14
134633.0,25,44.0,2.0,4.0,42.0,3.0,3.0,C14
113830.0,39,33.0,1.0,2.0,32.0,3.0,3.0,C14
37484.0,40,6.0,1.0,1.0,6.0,3.0,3.0,C14
22400.0,28,5.0,4.0,4.0,5.0,3.0,3.0,C14
70474.0,26,14.0,0.0,0.0,14.0,3.0,3.0,C14
29202.0,23,10.0,1.0,2.0,9.0,3.0,3.0,C14
21110.0,22,6.0,0.0,1.0,5.0,3.0,3.0,C14
24598.0,8,9.0,1.0,3.0,7.0,3.0,3.0,C14
35896.0,34,12.0,0.0,0.0,12.0,3.0,3.0,C14
29917.0,5,8.0,1.0,1.0,8.0,3.0,3.0,C14
92209.0,24,23.0,1.0,1.0,23.0,3.0,3.0,C14
69021.0,20,21.0,1.0,2.0,20.0,3.0,4.0,C14
41976.0,22,10.0,0.0,0.0,10.0,3.0,4.0,C14
52459.0,26,20.0,1.0,1.0,20.0,3.0,4.0,C14
35674.0,12,12.0,0.0,0.0,12.0,3.0,4.0,C14
32840.0,25,8.0,0.0,0.0,8.0,3.0,4.0,C14
55266.0,31,23.0,0.0,1.0,22.0,3.0,4.0,C14
38210.0,18,18.0,0.0,0.0,18.0,3.0,4.0,C14
63584.0,19,25.0,2.0,2.0,25.0,3.0,4.0,C14
38781.0,8,11.0,0.0,0.0,11.0,3.0,4.0,C14
71288.0,17,26.0,0.0,1.0,25.0,3.0,4.0,C14
38029.0,37,8.0,0.0,0.0,8.0,3.0,4.0,C14
53105.0,42,14.0,0.0,1.0,13.0,3.0,4.0,C14
46898.0,36,9.0,0.0,0.0,9.0,3.0,4.0,C14
55279.0,45,14.0,0.0,0.0,14.0,3.0,4.0,C14
32405.0,21,9.0,0.0,0.0,9.0,3.0,4.0,C14
24736.0,13,5.0,1.0,1.0,5.0,3.0,4.0,C14
37832.0,7,12.0,1.0,2.0,11.0,3.0,4.0,C14
26498.0,6,9.0,0.0,0.0,9.0,3.0,4.0,C14
71478.0,38,7.0,0.0,0.0,7.0,3.0,4.0,C14
18308.0,15,2.0,1.0,1.0,2.0,3.0,4.0,C14
63310.0,28,15.0,0.0,0.0,15.0,3.0,4.0,C14
49467.0,40,5.0,0.0,0.0,5.0,3.0,4.0,C14
38354.0,41,8.0,0.0,0.0,8.0,3.0,4.0,C14
30321.0,29,4.0,2.0,2.0,4.0,3.0,4.0,C14
57926.0,33,12.0,0.0,1.0,11.0,3.0,4.0,C14
19580.0,24,5.0,1.0,1.0,5.0,3.0,4.0,C14
19906.0,11,7.0,2.0,4.0,5.0,3.0,4.0,C14
49843.0,35,8.0,0.0,0.0,8.0,3.0,4.0,C14
81427.0,32,9.0,0.0,0.0,9.0,3.0,4.0,C14
80256.0,27,22.0,0.0,1.0,21.0,3.0,5.0,C14
82626.0,35,16.0,0.0,0.0,16.0,3.0,5.0,C14
57741.0,14,22.0,0.0,0.0,22.0,3.0,5.0,C14
53821.0,37,18.0,0.0,0.0,18.0,3.0,5.0,C14
71696.0,38,12.0,0.0,0.0,12.0,3.0,5.0,C14
65410.0,7,12.0,1.0,1.0,12.0,3.0,5.0,C14
38363.0,44,11.0,0.0,0.0,11.0,3.0,5.0,C14
75372.0,29,27.0,0.0,0.0,27.0,3.0,5.0,C14
62058.0,25,23.0,0.0,0.0,23.0,3.0,5.0,C14
37756.0,19,23.0,0.0,1.0,22.0,3.0,5.0,C14
39936.0,22,14.0,1.0,1.0,14.0,3.0,5.0,C14
46622.0,11,7.0,0.0,1.0,6.0,3.0,5.0,C14
51832.0,42,10.0,1.0,1.0,10.0,3.0,5.0,C14
64884.0,26,15.0,0.0,1.0,14.0,3.0,5.0,C14
39045.0,10,15.0,0.0,1.0,14.0,3.0,5.0,C14
68738.0,33,17.0,1.0,1.0,17.0,3.0,5.0,C14
38040.0,15,6.0,0.0,0.0,6.0,3.0,5.0,C14
70206.0,13,22.0,1.0,2.0,21.0,3.0,5.0,C14
39294.0,28,5.0,0.0,0.0,5.0,3.0,5.0,C14
73020.0,30,29.0,0.0,0.0,29.0,3.0,5.0,C14
57705.0,39,12.0,0.0,0.0,12.0,3.0,5.0,C14
36753.0,21,9.0,0.0,0.0,9.0,3.0,5.0,C14
43844.0,43,4.0,0.0,0.0,4.0,3.0,5.0,C14
49487.0,46,1.0,0.0,0.0,1.0,3.0,5.0,C14
66459.0,24,10.0,0.0,0.0,10.0,3.0,5.0,C14
35428.0,18,9.0,0.0,0.0,9.0,3.0,5.0,C14
52566.0,31,22.0,0.0,0.0,22.0,4.0,0.0,C14
60094.0,43,20.0,0.0,0.0,20.0,4.0,0.0,C14
38990.0,14,16.0,0.0,2.0,14.0,4.0,0.0,C14
26666.0,5,18.0,2.0,4.0,16.0,4.0,0.0,C14
41335.0,37,13.0,0.0,0.0,13.0,4.0,0.0,C14
46621.0,19,17.0,0.0,0.0,17.0,4.0,0.0,C14
69662.0,26,34.0,2.0,3.0,33.0,4.0,0.0,C14
53627.0,54,13.0,1.0,1.0,13.0,4.0,0.0,C14
20370.0,57,2.0,0.0,0.0,2.0,4.0,0.0,C14
35915.0,40,8.0,0.0,0.0,8.0,4.0,0.0,C14
48837.0,48,15.0,1.0,2.0,14.0,4.0,0.0,C14
66230.0,22,12.0,1.0,2.0,11.0,4.0,0.0,C14
47147.0,8,9.0,2.0,2.0,9.0,4.0,0.0,C14
36497.0,24,12.0,0.0,0.0,12.0,4.0,0.0,C14
53301.0,35,15.0,0.0,0.0,15.0,4.0,0.0,C14
67310.0,55,18.0,0.0,0.0,18.0,4.0,0.0,C14
42940.0,7,9.0,0.0,0.0,9.0,4.0,0.0,C14
80050.0,38,15.0,0.0,0.0,15.0,4.0,0.0,C14
47649.0,50,17.0,2.0,3.0,16.0,4.0,0.0,C14
57959.0,34,13.0,1.0,2.0,12.0,4.0,0.0,C14
34681.0,15,9.0,0.0,1.0,8.0,4.0,0.0,C14
12813.0,3,4.0,0.0,1.0,3.0,4.0,0.0,C14
55769.0,18,16.0,0.0,0.0,16.0,4.0,0.0,C14
61485.0,21,22.0,0.0,0.0,22.0,4.0,0.0,C14
50748.0,42,14.0,0.0,0.0,14.0,4.0,0.0,C14
55055.0,30,30.0,1.0,2.0,29.0,4.0,0.0,C14
49116.0,41,19.0,2.0,2.0,19.0,4.0,0.0,C14
21325.0,23,4.0,0.0,0.0,4.0,4.0,0.0,C14
48771.0,29,11.0,0.0,0.0,11.0,4.0,0.0,C14
49079.0,36,20.0,1.0,1.0,20.0,4.0,0.0,C14
35844.0,6,11.0,0.0,2.0,9.0,4.0,0.0,C14
18531.0,49,2.0,0.0,0.0,2.0,4.0,0.0,C14
50247.0,51,25.0,0.0,0.0,25.0,4.0,0.0,C14
25872.0,13,4.0,1.0,2.0,3.0,4.0,0.0,C14
32053.0,17,6.0,1.0,1.0,6.0,4.0,0.0,C14
56841.0,32,11.0,0.0,1.0,10.0,4.0,0.0,C14
36507.0,10,8.0,1.0,2.0,7.0,4.0,0.0,C14
55235.0,27,7.0,0.0,0.0,7.0,4.0,0.0,C14
76285.0,13,13.0,0.0,1.0,12.0,4.0,1.0,C14
45765.0,22,12.0,0.0,0.0,12.0,4.0,1.0,C14
74619.0,29,23.0,0.0,0.0,23.0,4.0,1.0,C14
112417.0,28,31.0,1.0,3.0,29.0,4.0,1.0,C14
53202.0,23,12.0,0.0,0.0,12.0,4.0,1.0,C14
53934.0,11,0.0,0.0,0.0,0.0,4.0,1.0,C14
51381.0,21,12.0,0.0,0.0,12.0,4.0,1.0,C14
47045.0,9,14.0,1.0,1.0,14.0,4.0,1.0,C14
106385.0,8,13.0,0.0,0.0,13.0,4.0,1.0,C14
71311.0,30,16.0,0.0,0.0,16.0,4.0,1.0,C14
110687.0,26,16.0,0.0,0.0,16.0,4.0,1.0,C14
45906.0,24,4.0,3.0,3.0,4.0,4.0,1.0,C14
49681.0,55,3.0,0.0,0.0,3.0,4.0,2.0,C14
44752.0,9,11.0,0.0,0.0,11.0,4.0,2.0,C14
47047.0,41,17.0,0.0,0.0,17.0,4.0,2.0,C14
40211.0,50,9.0,0.0,0.0,9.0,4.0,2.0,C14
35755.0,20,6.0,1.0,2.0,5.0,4.0,2.0,C14
57730.0,8,9.0,0.0,0.0,9.0,4.0,2.0,C14
36826.0,15,17.0,1.0,2.0,16.0,4.0,2.0,C14
46353.0,12,9.0,1.0,1.0,9.0,4.0,2.0,C14
40306.0,22,15.0,1.0,1.0,15.0,4.0,2.0,C14
49684.0,29,10.0,1.0,1.0,10.0,4.0,2.0,C14
43077.0,7,8.0,0.0,0.0,8.0,4.0,2.0,C14
34150.0,26,4.0,0.0,0.0,4.0,4.0,2.0,C14
38976.0,57,7.0,0.0,0.0,7.0,4.0,2.0,C14
43587.0,42,16.0,0.0,1.0,15.0,4.0,2.0,C14
16174.0,17,3.0,0.0,1.0,2.0,4.0,2.0,C14
55513.0,34,10.0,0.0,0.0,10.0,4.0,2.0,C14
28407.0,5,17.0,1.0,2.0,16.0,4.0,2.0,C14
45550.0,32,13.0,1.0,1.0,13.0,4.0,2.0,C14
21029.0,56,2.0,1.0,2.0,1.0,4.0,2.0,C14
71225.0,47,13.0,0.0,1.0,12.0,4.0,2.0,C14
47881.0,36,11.0,0.0,2.0,9.0,4.0,2.0,C14
35540.0,19,7.0,1.0,2.0,6.0,4.0,2.0,C14
54076.0,30,20.0,0.0,0.0,20.0,4.0,2.0,C14
32424.0,51,8.0,0.0,1.0,7.0,4.0,2.0,C14
19389.0,21,5.0,4.0,5.0,4.0,4.0,2.0,C14
41393.0,40,5.0,0.0,0.0,5.0,4.0,2.0,C14
36103.0,54,5.0,0.0,0.0,5.0,4.0,2.0,C14
67732.0,45,16.0,1.0,1.0,16.0,4.0,2.0,C14
26850.0,10,7.0,0.0,0.0,7.0,4.0,2.0,C14
50624.0,28,8.0,0.0,0.0,8.0,4.0,2.0,C14
57805.0,46,19.0,1.0,2.0,18.0,4.0,2.0,C14
41426.0,44,14.0,0.0,1.0,13.0,4.0,2.0,C14
29372.0,23,4.0,0.0,0.0,4.0,4.0,2.0,C14
56957.0,13,6.0,0.0,0.0,6.0,4.0,2.0,C14
45953.0,33,6.0,0.0,0.0,6.0,4.0,2.0,C14
32375.0,24,9.0,0.0,0.0,9.0,4.0,2.0,C14
43847.0,35,20.0,0.0,0.0,20.0,4.0,2.0,C14
21870.0,14,9.0,2.0,3.0,8.0,4.0,2.0,C14
39605.0,48,4.0,0.0,0.0,4.0,4.0,2.0,C14
25833.0,45,5.0,0.0,0.0,5.0,4.0,3.0,C14
28981.0,34,2.0,0.0,0.0,2.0,4.0,3.0,C14
60370.0,30,22.0,0.0,1.0,21.0,4.0,3.0,C14
47270.0,56,10.0,0.0,0.0,10.0,4.0,3.0,C14
18728.0,20,0.0,0.0,0.0,0.0,4.0,3.0,C14
44224.0,12,3.0,0.0,0.0,3.0,4.0,3.0,C14
25079.0,16,7.0,3.0,4.0,6.0,4.0,3.0,C14
33648.0,18,6.0,0.0,0.0,6.0,4.0,3.0,C14
17148.0,6,4.0,0.0,0.0,4.0,4.0,3.0,C14
21037.0,65,3.0,1.0,1.0,3.0,4.0,3.0,C14
48887.0,40,16.0,0.0,0.0,16.0,4.0,3.0,C14
35329.0,63,4.0,0.0,0.0,4.0,4.0,3.0,C14
43266.0,46,7.0,0.0,0.0,7.0,4.0,3.0,C14
24465.0,48,1.0,0.0,0.0,1.0,4.0,3.0,C14
31352.0,29,8.0,0.0,0.0,8.0,4.0,3.0,C14
28953.0,32,3.0,0.0,0.0,3.0,4.0,3.0,C14
43324.0,9,16.0,0.0,1.0,15.0,4.0,3.0,C14
30147.0,37,3.0,0.0,0.0,3.0,4.0,3.0,C14
44802.0,21,8.0,0.0,0.0,8.0,4.0,3.0,C14
44607.0,38,21.0,0.0,0.0,21.0,4.0,3.0,C14
64646.0,49,14.0,0.0,0.0,14.0,4.0,3.0,C14
33445.0,41,10.0,0.0,0.0,10.0,4.0,3.0,C14
59738.0,13,7.0,1.0,1.0,7.0,4.0,3.0,C14
29797.0,35,16.0,3.0,5.0,14.0,4.0,3.0,C14
50554.0,26,10.0,0.0,0.0,10.0,4.0,3.0,C14
9668.0,28,3.0,3.0,3.0,3.0,4.0,3.0,C14
33576.0,59,13.0,0.0,1.0,12.0,4.0,3.0,C14
39684.0,62,9.0,0.0,0.0,9.0,4.0,3.0,C14
29291.0,55,6.0,1.0,1.0,6.0,4.0,3.0,C14
72380.0,51,23.0,3.0,4.0,22.0,4.0,3.0,C14
21142.0,25,4.0,1.0,1.0,4.0,4.0,3.0,C14
46878.0,22,7.0,0.0,1.0,6.0,4.0,3.0,C14
14995.0,23,0.0,0.0,0.0,0.0,4.0,3.0,C14
27684.0,11,7.0,1.0,1.0,7.0,4.0,3.0,C14
37377.0,4,7.0,0.0,0.0,7.0,4.0,3.0,C14
58216.0,50,8.0,0.0,0.0,8.0,4.0,3.0,C14
53286.0,39,10.0,0.0,0.0,10.0,4.0,3.0,C14
47461.0,33,15.0,0.0,0.0,15.0,4.0,3.0,C14
25851.0,47,27.0,3.0,5.0,25.0,4.0,3.0,C14
9837.0,14,3.0,0.0,0.0,3.0,4.0,3.0,C14
19621.0,67,3.0,1.0,1.0,3.0,4.0,3.0,C14
48483.0,40,10.0,0.0,0.0,10.0,4.0,4.0,C14
44421.0,66,16.0,0.0,1.0,15.0,4.0,4.0,C14
41479.0,37,12.0,0.0,0.0,12.0,4.0,4.0,C14
38231.0,17,12.0,0.0,0.0,12.0,4.0,4.0,C14
27908.0,70,10.0,0.0,1.0,9.0,4.0,4.0,C14
45871.0,48,11.0,0.0,0.0,11.0,4.0,4.0,C14
27447.0,44,9.0,1.0,2.0,8.0,4.0,4.0,C14
30271.0,25,9.0,1.0,1.0,9.0,4.0,4.0,C14
46033.0,11,8.0,0.0,0.0,8.0,4.0,4.0,C14
14727.0,26,2.0,0.0,0.0,2.0,4.0,4.0,C14
40131.0,59,21.0,1.0,2.0,20.0,4.0,4.0,C14
46220.0,51,8.0,0.0,0.0,8.0,4.0,4.0,C14
29903.0,31,8.0,0.0,1.0,7.0,4.0,4.0,C14
46071.0,13,11.0,0.0,0.0,11.0,4.0,4.0,C14
36953.0,38,4.0,0.0,0.0,4.0,4.0,4.0,C14
11349.0,33,0.0,1.0,1.0,0.0,4.0,4.0,C14
24786.0,28,9.0,0.0,1.0,8.0,4.0,4.0,C14
39942.0,68,12.0,0.0,0.0,12.0,4.0,4.0,C14
43343.0,34,20.0,1.0,3.0,18.0,4.0,4.0,C14
35545.0,61,12.0,0.0,0.0,12.0,4.0,4.0,C14
33661.0,71,7.0,0.0,0.0,7.0,4.0,4.0,C14
25492.0,60,7.0,0.0,0.0,7.0,4.0,4.0,C14
45937.0,54,32.0,5.0,8.0,29.0,4.0,4.0,C14
19534.0,29,9.0,1.0,2.0,8.0,4.0,4.0,C14
44559.0,16,15.0,2.0,3.0,14.0,4.0,4.0,C14
29554.0,64,7.0,0.0,0.0,7.0,4.0,4.0,C14
17755.0,22,6.0,1.0,1.0,6.0,4.0,4.0,C14
28315.0,63,11.0,2.0,3.0,10.0,4.0,4.0,C14
24954.0,10,2.0,0.0,0.0,2.0,4.0,4.0,C14
27168.0,62,8.0,2.0,2.0,8.0,4.0,4.0,C14
38846.0,39,7.0,0.0,0.0,7.0,4.0,4.0,C14
67851.0,67,20.0,2.0,2.0,20.0,4.0,4.0,C14
26515.0,32,13.0,0.0,1.0,12.0,4.0,4.0,C14
55908.0,53,21.0,0.0,1.0,20.0,4.0,4.0,C14
26914.0,49,12.0,0.0,1.0,11.0,4.0,4.0,C14
24952.0,36,6.0,2.0,3.0,5.0,4.0,4.0,C14
18029.0,30,4.0,0.0,0.0,4.0,4.0,4.0,C14
30488.0,46,6.0,0.0,0.0,6.0,4.0,4.0,C14
28804.0,18,15.0,5.0,8.0,12.0,4.0,4.0,C14
46294.0,50,15.0,2.0,3.0,14.0,4.0,4.0,C14
36973.0,47,3.0,0.0,0.0,3.0,4.0,4.0,C14
18784.0,6,7.0,0.0,0.0,7.0,4.0,4.0,C14
41327.0,23,9.0,0.0,0.0,9.0,4.0,4.0,C14
20938.0,58,11.0,0.0,3.0,8.0,4.0,4.0,C14
27153.0,35,7.0,0.0,1.0,6.0,4.0,4.0,C14
18344.0,57,7.0,0.0,1.0,6.0,4.0,4.0,C14
53722.0,14,11.0,0.0,0.0,11.0,4.0,4.0,C14
19650.0,56,4.0,3.0,3.0,4.0,4.0,4.0,C14
20170.0,39,0.0,0.0,0.0,0.0,4.0,5.0,C14
47844.0,47,10.0,0.0,0.0,10.0,4.0,5.0,C14
21275.0,18,2.0,1.0,1.0,2.0,4.0,5.0,C14
48598.0,7,10.0,0.0,0.0,10.0,4.0,5.0,C14
37010.0,23,10.0,2.0,3.0,9.0,4.0,5.0,C14
28972.0,32,4.0,0.0,0.0,4.0,4.0,5.0,C14
58261.0,44,17.0,0.0,0.0,17.0,4.0,5.0,C14
11690.0,43,0.0,0.0,0.0,0.0,4.0,5.0,C14
45971.0,28,5.0,0.0,0.0,5.0,4.0,5.0,C14
97759.0,11,15.0,0.0,0.0,15.0,4.0,5.0,C14
57184.0,20,20.0,0.0,0.0,20.0,4.0,5.0,C14
73641.0,35,23.0,0.0,1.0,22.0,4.0,5.0,C14
97430.0,14,16.0,1.0,1.0,16.0,4.0,5.0,C14
57660.0,9,8.0,0.0,0.0,8.0,4.0,5.0,C14
36053.0,34,10.0,0.0,0.0,10.0,4.0,5.0,C14
70023.0,26,18.0,0.0,0.0,18.0,4.0,5.0,C14
88295.0,42,21.0,0.0,0.0,21.0,4.0,5.0,C14
62387.0,49,7.0,0.0,0.0,7.0,4.0,5.0,C14
13920.0,31,2.0,1.0,1.0,2.0,4.0,5.0,C14
71211.0,16,9.0,0.0,0.0,9.0,4.0,5.0,C14
74458.0,15,13.0,0.0,0.0,13.0,4.0,5.0,C14
59672.0,33,24.0,0.0,2.0,22.0,4.0,5.0,C14
82487.0,19,13.0,0.0,0.0,13.0,4.0,5.0,C14
52596.0,27,22.0,0.0,0.0,22.0,4.0,5.0,C14
54413.0,52,18.0,0.0,0.0,18.0,4.0,5.0,C14
70962.0,46,3.0,0.0,0.0,3.0,4.0,5.0,C14
27985.0,22,3.0,0.0,0.0,3.0,4.0,5.0,C14
11717.0,30,0.0,1.0,1.0,0.0,4.0,5.0,C14
33371.0,38,11.0,0.0,0.0,11.0,4.0,5.0,C14
52224.0,41,12.0,0.0,1.0,11.0,4.0,5.0,C14
56330.0,10,18.0,0.0,0.0,18.0,4.0,5.0,C14
95488.0,8,22.0,0.0,1.0,21.0,4.0,5.0,C14
59297.0,26,19.0,0.0,1.0,18.0,5.0,0.0,C14
33938.0,12,9.0,0.0,0.0,9.0,5.0,0.0,C14
78309.0,38,18.0,2.0,2.0,18.0,5.0,0.0,C14
69515.0,21,13.0,0.0,0.0,13.0,5.0,0.0,C14
20125.0,14,11.0,0.0,0.0,11.0,5.0,0.0,C14
54396.0,33,13.0,1.0,1.0,13.0,5.0,0.0,C14
70145.0,5,17.0,0.0,1.0,16.0,5.0,0.0,C14
59450.0,20,15.0,1.0,1.0,15.0,5.0,0.0,C14
32872.0,8,3.0,1.0,1.0,3.0,5.0,0.0,C14
39477.0,18,7.0,0.0,0.0,7.0,5.0,0.0,C14
29594.0,7,2.0,0.0,0.0,2.0,5.0,0.0,C14
42059.0,30,10.0,0.0,0.0,10.0,5.0,0.0,C14
26500.0,10,6.0,0.0,0.0,6.0,5.0,0.0,C14
54213.0,35,10.0,1.0,1.0,10.0,5.0,0.0,C14
61822.0,23,16.0,0.0,0.0,16.0,5.0,0.0,C14
17229.0,16,1.0,0.0,0.0,1.0,5.0,0.0,C14
45494.0,41,20.0,5.0,8.0,17.0,5.0,0.0,C14
39408.0,28,13.0,0.0,0.0,13.0,5.0,0.0,C14
44372.0,24,13.0,2.0,2.0,13.0,5.0,0.0,C14
77242.0,11,16.0,0.0,0.0,16.0,5.0,0.0,C14
41237.0,31,15.0,0.0,1.0,14.0,5.0,0.0,C14
65545.0,29,8.0,0.0,0.0,8.0,5.0,0.0,C14
50230.0,13,8.0,0.0,0.0,8.0,5.0,0.0,C14
56482.0,34,12.0,0.0,0.0,12.0,5.0,0.0,C14
44028.0,17,4.0,0.0,1.0,3.0,5.0,0.0,C14
37665.0,37,12.0,1.0,1.0,12.0,5.0,0.0,C14
42422.0,27,12.0,1.0,1.0,12.0,5.0,0.0,C14
15169.0,68,1.0,0.0,0.0,1.0,5.0,1.0,C14
45121.0,31,10.0,2.0,2.0,10.0,5.0,1.0,C14
37634.0,58,7.0,0.0,0.0,7.0,5.0,1.0,C14
52431.0,55,3.0,0.0,0.0,3.0,5.0,1.0,C14
26307.0,34,6.0,1.0,1.0,6.0,5.0,1.0,C14
59863.0,51,20.0,0.0,0.0,20.0,5.0,1.0,C14
45532.0,70,7.0,0.0,0.0,7.0,5.0,1.0,C14
35127.0,49,12.0,3.0,3.0,12.0,5.0,1.0,C14
24373.0,46,10.0,0.0,1.0,9.0,5.0,1.0,C14
30422.0,56,8.0,0.0,0.0,8.0,5.0,1.0,C14
57064.0,53,17.0,0.0,0.0,17.0,5.0,1.0,C14
17586.0,41,7.0,1.0,1.0,7.0,5.0,1.0,C14
19178.0,7,6.0,1.0,1.0,6.0,5.0,1.0,C14
30416.0,48,7.0,0.0,1.0,6.0,5.0,1.0,C14
33130.0,24,12.0,2.0,4.0,10.0,5.0,1.0,C14
33776.0,43,11.0,1.0,2.0,10.0,5.0,1.0,C14
24153.0,42,9.0,2.0,3.0,8.0,5.0,1.0,C14
25252.0,63,6.0,0.0,0.0,6.0,5.0,1.0,C14
41758.0,22,13.0,0.0,0.0,13.0,5.0,1.0,C14
68805.0,39,20.0,0.0,0.0,20.0,5.0,1.0,C14
22530.0,33,14.0,4.0,4.0,14.0,5.0,1.0,C14
17738.0,37,7.0,6.0,6.0,7.0,5.0,1.0,C14
19883.0,16,13.0,2.0,2.0,13.0,5.0,1.0,C14
53482.0,21,10.0,0.0,0.0,10.0,5.0,1.0,C14
22744.0,54,7.0,0.0,0.0,7.0,5.0,1.0,C14
38151.0,20,12.0,0.0,0.0,12.0,5.0,1.0,C14
25776.0,8,11.0,0.0,3.0,8.0,5.0,1.0,C14
26816.0,40,4.0,1.0,1.0,4.0,5.0,1.0,C14
15629.0,62,3.0,0.0,0.0,3.0,5.0,1.0,C14
51922.0,67,18.0,0.0,0.0,18.0,5.0,1.0,C14
69362.0,18,19.0,0.0,0.0,19.0,5.0,1.0,C14
34497.0,52,9.0,0.0,0.0,9.0,5.0,1.0,C14
31091.0,23,12.0,1.0,1.0,12.0,5.0,1.0,C14
26978.0,11,9.0,2.0,3.0,8.0,5.0,1.0,C14
26547.0,15,11.0,2.0,2.0,11.0,5.0,1.0,C14
35913.0,14,13.0,0.0,0.0,13.0,5.0,1.0,C14
29240.0,47,9.0,3.0,4.0,8.0,5.0,1.0,C14
30666.0,10,9.0,0.0,0.0,9.0,5.0,1.0,C14
40453.0,66,25.0,0.0,2.0,23.0,5.0,1.0,C14
46728.0,60,15.0,1.0,1.0,15.0,5.0,1.0,C14
30937.0,36,9.0,1.0,1.0,9.0,5.0,1.0,C14
16678.0,35,4.0,3.0,3.0,4.0,5.0,1.0,C14
23304.0,30,7.0,0.0,1.0,6.0,5.0,1.0,C14
38714.0,61,15.0,1.0,1.0,15.0,5.0,1.0,C14
51180.0,64,25.0,3.0,5.0,23.0,5.0,1.0,C14
60167.0,60,4.0,0.0,0.0,4.0,5.0,2.0,C14
40530.0,56,6.0,1.0,1.0,6.0,5.0,2.0,C14
33955.0,29,14.0,0.0,0.0,14.0,5.0,2.0,C14
24737.0,50,12.0,8.0,10.0,10.0,5.0,2.0,C14
31712.0,21,16.0,2.0,3.0,15.0,5.0,2.0,C14
24732.0,11,9.0,1.0,1.0,9.0,5.0,2.0,C14
28621.0,44,13.0,14.0,14.0,13.0,5.0,2.0,C14
12425.0,13,4.0,0.0,0.0,4.0,5.0,2.0,C14
47836.0,74,14.0,0.0,0.0,14.0,5.0,2.0,C14
27263.0,43,6.0,0.0,0.0,6.0,5.0,2.0,C14
40448.0,37,2.0,0.0,0.0,2.0,5.0,2.0,C14
27088.0,28,6.0,0.0,1.0,5.0,5.0,2.0,C14
11522.0,41,17.0,7.0,10.0,14.0,5.0,2.0,C14
37800.0,42,14.0,6.0,7.0,13.0,5.0,2.0,C14
30954.0,31,13.0,1.0,1.0,13.0,5.0,2.0,C14
24224.0,46,18.0,20.0,20.0,18.0,5.0,2.0,C14
38050.0,49,3.0,0.0,0.0,3.0,5.0,2.0,C14
22884.0,34,4.0,0.0,0.0,4.0,5.0,2.0,C14
34777.0,64,8.0,0.0,0.0,8.0,5.0,2.0,C14
23432.0,14,9.0,0.0,1.0,8.0,5.0,2.0,C14
56783.0,51,19.0,0.0,1.0,18.0,5.0,2.0,C14
62917.0,55,22.0,0.0,0.0,22.0,5.0,2.0,C14
37266.0,15,17.0,4.0,6.0,15.0,5.0,2.0,C14
38525.0,35,16.0,1.0,2.0,15.0,5.0,2.0,C14
38479.0,22,12.0,1.0,1.0,12.0,5.0,2.0,C14
60119.0,19,23.0,1.0,1.0,23.0,5.0,2.0,C14
24322.0,33,6.0,0.0,0.0,6.0,5.0,2.0,C14
70437.0,48,19.0,6.0,6.0,19.0,5.0,2.0,C14
40836.0,58,6.0,0.0,0.0,6.0,5.0,2.0,C14
32027.0,18,11.0,3.0,3.0,11.0,5.0,2.0,C14
38786.0,36,6.0,0.0,0.0,6.0,5.0,2.0,C14
43923.0,63,7.0,0.0,1.0,6.0,5.0,2.0,C14
43254.0,52,25.0,10.0,10.0,25.0,5.0,2.0,C14
42317.0,40,3.0,0.0,0.0,3.0,5.0,2.0,C14
29894.0,45,7.0,0.0,0.0,7.0,5.0,3.0,C14
48181.0,65,11.0,0.0,0.0,11.0,5.0,3.0,C14
33235.0,26,4.0,1.0,1.0,4.0,5.0,3.0,C14
61317.0,53,19.0,1.0,1.0,19.0,5.0,3.0,C14
38580.0,13,19.0,3.0,3.0,19.0,5.0,3.0,C14
47053.0,61,7.0,0.0,0.0,7.0,5.0,3.0,C14
42006.0,55,13.0,0.0,2.0,11.0,5.0,3.0,C14
39319.0,11,26.0,2.0,2.0,26.0,5.0,3.0,C14
30531.0,24,4.0,0.0,0.0,4.0,5.0,3.0,C14
36035.0,30,11.0,0.0,0.0,11.0,5.0,3.0,C14
39994.0,14,3.0,0.0,0.0,3.0,5.0,3.0,C14
26609.0,54,7.0,0.0,0.0,7.0,5.0,3.0,C14
47823.0,17,13.0,0.0,1.0,12.0,5.0,3.0,C14
25702.0,31,6.0,1.0,2.0,5.0,5.0,3.0,C14
34553.0,27,9.0,0.0,0.0,9.0,5.0,3.0,C14
41339.0,18,17.0,2.0,2.0,17.0,5.0,3.0,C14
36054.0,44,8.0,0.0,1.0,7.0,5.0,3.0,C14
17270.0,51,4.0,0.0,0.0,4.0,5.0,3.0,C14
115661.0,62,28.0,1.0,2.0,27.0,5.0,3.0,C14
37506.0,21,8.0,0.0,0.0,8.0,5.0,3.0,C14
45200.0,20,12.0,0.0,0.0,12.0,5.0,3.0,C14
30430.0,34,10.0,0.0,1.0,9.0,5.0,3.0,C14
40440.0,23,10.0,0.0,0.0,10.0,5.0,3.0,C14
47482.0,36,14.0,0.0,0.0,14.0,5.0,3.0,C14
22181.0,40,11.0,3.0,4.0,10.0,5.0,3.0,C14
50341.0,63,3.0,0.0,0.0,3.0,5.0,3.0,C14
17143.0,33,3.0,2.0,2.0,3.0,5.0,3.0,C14
25978.0,50,5.0,0.0,0.0,5.0,5.0,3.0,C14
38367.0,57,14.0,3.0,5.0,12.0,5.0,3.0,C14
52307.0,64,10.0,0.0,0.0,10.0,5.0,3.0,C14
40780.0,38,12.0,0.0,0.0,12.0,5.0,3.0,C14
12824.0,49,2.0,1.0,1.0,2.0,5.0,3.0,C14
57021.0,43,8.0,0.0,0.0,8.0,5.0,3.0,C14
33327.0,19,13.0,3.0,3.0,13.0,5.0,3.0,C14
23254.0,46,3.0,0.0,0.0,3.0,5.0,3.0,C14
34696.0,15,15.0,0.0,1.0,14.0,5.0,3.0,C14
39628.0,59,8.0,0.0,0.0,8.0,5.0,3.0,C14
48253.0,10,12.0,0.0,1.0,11.0,5.0,3.0,C14
38794.0,22,7.0,0.0,0.0,7.0,5.0,3.0,C14
66204.0,52,33.0,13.0,13.0,33.0,5.0,3.0,C14
30364.0,41,13.0,0.0,0.0,13.0,5.0,4.0,C14
44539.0,12,3.0,0.0,0.0,3.0,5.0,4.0,C14
28372.0,11,10.0,0.0,0.0,10.0,5.0,4.0,C14
35176.0,62,8.0,0.0,1.0,7.0,5.0,4.0,C14
50865.0,65,14.0,1.0,2.0,13.0,5.0,4.0,C14
34966.0,23,16.0,0.0,1.0,15.0,5.0,4.0,C14
51116.0,18,13.0,2.0,2.0,13.0,5.0,4.0,C14
35008.0,40,18.0,2.0,3.0,17.0,5.0,4.0,C14
36000.0,50,4.0,0.0,0.0,4.0,5.0,4.0,C14
22375.0,47,3.0,1.0,1.0,3.0,5.0,4.0,C14
49905.0,38,14.0,0.0,1.0,13.0,5.0,4.0,C14
50053.0,53,15.0,0.0,0.0,15.0,5.0,4.0,C14
30990.0,26,2.0,0.0,0.0,2.0,5.0,4.0,C14
31697.0,14,13.0,3.0,3.0,13.0,5.0,4.0,C14
39561.0,34,11.0,1.0,2.0,10.0,5.0,4.0,C14
31896.0,28,12.0,0.0,1.0,11.0,5.0,4.0,C14
41051.0,51,11.0,3.0,3.0,11.0,5.0,4.0,C14
37770.0,57,3.0,0.0,0.0,3.0,5.0,4.0,C14
67904.0,44,16.0,0.0,1.0,15.0,5.0,4.0,C14
50941.0,58,18.0,1.0,1.0,18.0,5.0,4.0,C14
37289.0,64,15.0,0.0,1.0,14.0,5.0,4.0,C14
33304.0,36,13.0,0.0,1.0,12.0,5.0,4.0,C14
50694.0,20,24.0,1.0,2.0,23.0,5.0,4.0,C14
54763.0,25,20.0,0.0,0.0,20.0,5.0,4.0,C14
38193.0,39,14.0,0.0,0.0,14.0,5.0,4.0,C14
50774.0,31,19.0,0.0,0.0,19.0,5.0,4.0,C14
50636.0,35,23.0,0.0,0.0,23.0,5.0,4.0,C14
37993.0,30,5.0,0.0,1.0,4.0,5.0,4.0,C14
45196.0,49,1.0,0.0,0.0,1.0,5.0,4.0,C14
37204.0,45,8.0,0.0,0.0,8.0,5.0,4.0,C14
24611.0,6,7.0,0.0,1.0,6.0,5.0,4.0,C14
35728.0,27,14.0,1.0,1.0,14.0,5.0,4.0,C14
37412.0,22,9.0,1.0,1.0,9.0,5.0,4.0,C14
40356.0,52,16.0,0.0,1.0,15.0,5.0,4.0,C14
48285.0,8,19.0,1.0,4.0,16.0,5.0,4.0,C14
52850.0,17,10.0,0.0,0.0,10.0,5.0,4.0,C14
11736.0,10,3.0,2.0,2.0,3.0,5.0,4.0,C14
42604.0,19,12.0,0.0,0.0,12.0,5.0,4.0,C14
46703.0,24,17.0,0.0,0.0,17.0,5.0,4.0,C14
54503.0,15,4.0,0.0,0.0,4.0,5.0,4.0,C14
37197.0,43,11.0,1.0,4.0,8.0,5.0,4.0,C14
54329.0,32,12.0,0.0,0.0,12.0,5.0,5.0,C14
25854.0,45,7.0,0.0,0.0,7.0,5.0,5.0,C14
39983.0,55,12.0,1.0,1.0,12.0,5.0,5.0,C14
58960.0,43,15.0,0.0,0.0,15.0,5.0,5.0,C14
46933.0,46,16.0,0.0,0.0,16.0,5.0,5.0,C14
40072.0,49,9.0,0.0,0.0,9.0,5.0,5.0,C14
63635.0,27,18.0,0.0,0.0,18.0,5.0,5.0,C14
28150.0,24,0.0,0.0,0.0,0.0,5.0,5.0,C14
17283.0,15,8.0,1.0,2.0,7.0,5.0,5.0,C14
74624.0,38,19.0,1.0,1.0,19.0,5.0,5.0,C14
17086.0,17,6.0,0.0,1.0,5.0,5.0,5.0,C14
22245.0,13,12.0,1.0,2.0,11.0,5.0,5.0,C14
54824.0,39,22.0,0.0,0.0,22.0,5.0,5.0,C14
69542.0,28,34.0,3.0,7.0,30.0,5.0,5.0,C14
39041.0,42,10.0,0.0,0.0,10.0,5.0,5.0,C14
17875.0,9,8.0,1.0,2.0,7.0,5.0,5.0,C14
60607.0,18,16.0,1.0,2.0,15.0,5.0,5.0,C14
83261.0,20,16.0,2.0,3.0,15.0,5.0,5.0,C14
63721.0,26,19.0,0.0,2.0,17.0,5.0,5.0,C14
36700.0,51,21.0,7.0,8.0,20.0,5.0,5.0,C14
17290.0,52,10.0,23.0,26.0,7.0,5.0,5.0,C14
41587.0,33,9.0,1.0,2.0,8.0,5.0,5.0,C14
36733.0,44,11.0,0.0,2.0,9.0,5.0,5.0,C14
22681.0,21,2.0,0.0,0.0,2.0,5.0,5.0,C14
35719.0,36,11.0,0.0,0.0,11.0,5.0,5.0,C14
35171.0,50,13.0,0.0,0.0,13.0,5.0,5.0,C14
27401.0,16,8.0,1.0,1.0,8.0,5.0,5.0,C14
46604.0,35,5.0,0.0,0.0,5.0,5.0,5.0,C14
48432.0,11,24.0,9.0,10.0,23.0,5.0,5.0,C14
